,corcoef
AT2G21390.1,0.138738228
AT2G09135.1,0.198669131
AT1G64560.1,0.252132737
AT4G29180.3,0.133511287
AT4G23200.1,0.126695213
AT1G05250.1,0.220332048
AT2G23160.1,0.191869453
AT4G29940.1,0.323032077
AT4G27395.1,0.230985256
AT2G31865.3,0.076901189
AT3G07115.1,0.098896606
AT2G21570.1,0.118061974
AT1G07310.1,0.05202797
AT5G20300.4,0.10112759
AT4G29580.2,0.115911771
AT1G09735.2,0.066207145
AT1G12430.1,0.080253088
AT1G50880.1,0.175444179
AT1G04820.1,0.168344282
AT2G30750.1,0.209271736
AT2G37010.1,0.209271736
AT1G36035.1,0.07069125
AT5G52900.1,0.14340259
AT1G33055.1,0.15694692
AT2G40380.1,0.179121722
AT4G30060.1,0.12889825
AT1G06040.1,0.127240985
AT3G61280.2,0.243520053
AT3G29525.1,0.141460309
AT3G18960.1,0.214581236
AT4G14750.3,0.085850122
ATCG01060.1,0.123000366
AT4G16935.1,0.352808568
AT3G32310.1,0.073380277
AT1G65770.1,0.145143571
AT2G37570.1,0.151010705
AT1G56050.1,0.194380209
AT2G22155.1,0.206499113
AT1G21430.1,0.329405509
AT5G40660.1,0.216202629
AT5G38800.1,0.181981
AT2G05195.1,0.171457837
AT2G20930.1,0.327868784
AT3G55980.2,0.05738702
AT1G46984.1,0.227787229
AT1G09157.1,0.216816793
AT1G63240.1,0.287196518
AT5G61490.1,0.211223076
AT2G12640.1,0.051263945
AT5G26130.1,0.163179999
AT4G34975.1,0.089858497
AT1G06023.1,0.109808118
AT4G25390.1,0.199979348
AT2G38030.1,0.168835035
AT3G52000.1,0.186529527
AT3G32028.1,0.188284365
AT3G04525.1,0.37412043
AT1G05800.1,0.186213637
AT5G03345.2,0.100918109
AT4G38050.1,0.096636626
AT5G50365.1,0.365963911
AT2G12580.1,0.176092792
AT5G18200.1,0.174219471
AT5G01280.2,0.210549562
AT5G42000.2,0.126541361
AT3G21481.1,0.141529645
AT2G35384.1,0.100799432
AT4G05595.1,0.1101271
AT5G57710.1,0.081180106
AT1G28050.1,0.130848747
AT1G07900.1,0.096570932
AT2G04285.1,0.179383969
AT5G16910.1,0.233594779
AT2G35160.3,0.214257786
AT1G05930.1,0.195314802
AT4G33430.2,0.170851852
AT2G34780.1,0.169709362
AT1G60170.1,0.298307682
AT4G08868.1,0.193909431
AT5G38560.1,0.112243042
AT5G11450.2,0.142283211
AT5G26667.4,0.30417384
AT4G01980.1,0.193622702
AT3G09100.2,0.072396665
AT1G56330.1,0.313083487
AT5G07295.1,0.29291925
AT5G28970.1,0.279464017
AT4G16870.1,0.197635621
AT5G16990.1,0.15267497
AT2G11420.1,0.313328524
AT1G67220.1,0.052208907
AT2G01900.1,0.126075868
AT1G67330.1,0.13340217
AT3G03410.1,0.144481693
AT1G43725.1,0.178360802
AT2G44750.2,0.090550751
AT5G57950.2,0.205133228
AT2G12230.1,0.204098447
AT4G07375.1,0.051633921
AT4G36120.1,0.107272867
AT5G61495.1,0.202664782
AT2G00490.1,0.228872467
AT3G47650.1,0.102257954
AT3G28970.1,0.095015317
AT4G06539.1,0.158460724
AT3G05345.1,0.186161169
AT2G25110.1,0.186161169
AT3G29460.1,0.252751498
AT1G35940.1,0.177102002
AT5G17420.1,0.065255746
AT5G26910.4,0.221904095
AT5G33438.1,0.139316238
AT3G07005.1,0.258672807
AT5G08725.1,0.070278808
AT3G25940.1,0.348333979
AT3G27050.1,0.101392874
AT2G40530.1,0.298654852
AT4G22380.1,0.192229084
AT5G42240.1,0.139676558
AT5G40540.2,0.105103417
AT3G02750.1,0.088113096
AT2G45330.1,0.118062265
AT3G31996.1,0.100431469
AT5G38790.1,0.123416905
AT3G13672.1,0.215764845
AT4G17250.1,0.318599567
AT1G01720.1,0.109660359
AT1G64618.1,0.217977075
AT5G55040.1,0.202820753
AT2G25770.2,0.199232582
AT1G62680.2,0.184106563
AT4G07917.1,0.17145244
AT4G28860.1,0.123220716
AT2G36830.1,0.145764859
AT5G04110.3,0.216069824
AT3G47120.1,0.133705315
AT2G47000.2,0.093321585
AT5G16505.1,0.163257243
AT2G17700.1,0.114750109
AT2G10690.1,0.062114382
AT4G03960.1,0.068333939
AT3G00330.1,0.090775306
AT5G29571.1,0.190300831
AT1G20930.1,0.073246173
AT4G03760.1,0.14047475
AT5G46874.1,0.226439073
AT3G50700.1,0.204893471
AT1G29330.1,0.202889357
AT2G41420.1,0.171216583
AT1G57010.1,0.128180047
AT2G33730.1,0.060029147
AT1G68765.1,0.069145916
AT1G72860.1,0.139078374
AT3G31460.1,0.131465308
AT4G07205.1,0.173512788
AT5G53815.1,0.056671083
AT1G21510.1,0.12900963
AT1G42718.1,0.088946733
AT3G08105.1,0.357142458
AT2G43320.1,0.050709189
AT3G42254.1,0.086691074
AT1G09287.1,0.206069522
AT3G04895.1,0.074854194
AT4G17914.1,0.102598896
AT5G27220.1,0.217675931
AT1G12130.1,0.322690303
AT1G04600.1,0.076619461
AT5G01895.1,0.234247703
AT1G07743.1,0.117351292
AT5G24430.1,0.273258315
AT4G39530.1,0.076208596
AT2G05300.2,0.131202706
AT2G46130.1,0.065994121
AT3G06280.1,0.152865014
AT2G14150.1,0.365712878
AT1G24180.1,0.255595741
AT3G53130.1,0.164177744
AT5G67420.2,0.312848086
AT3G16890.1,0.156771691
AT5G34860.1,0.127228518
AT5G09635.1,0.252413509
AT5G32017.1,0.241048264
AT1G58300.1,0.312506443
AT5G48680.1,0.255460631
AT4G18340.2,0.225352085
AT5G28671.1,0.071947798
AT1G34822.1,0.079406841
AT4G24990.2,0.171044986
AT2G21040.1,0.209760481
AT4G17820.1,0.203368059
AT2G22370.1,0.098985923
AT2G44140.1,0.162537363
AT5G57420.1,0.192165131
AT1G33800.1,0.192165131
AT5G58950.1,0.149228325
AT5G25625.1,0.087887466
AT1G04650.1,0.237409496
AT1G17250.1,0.107003823
AT4G32490.1,0.136269075
AT1G60760.1,0.259719607
AT5G47120.1,0.189709867
AT4G15440.1,0.117559162
AT5G39155.1,0.133920023
AT4G06770.1,0.069667469
ATMG00920.1,0.052024651
AT3G47550.2,0.272291809
AT3G43442.1,0.148870518
AT2G36792.2,0.141467682
AT1G30030.1,0.218966538
AT4G17720.1,0.211124753
AT1G07277.1,0.164845586
AT1G54870.2,0.130774979
AT1G51340.2,0.263376678
AT5G08795.1,0.195069345
AT2G25312.1,0.133305654
AT2G05910.1,0.244767693
AT4G24652.1,0.175865988
AT1G27160.1,0.179399184
AT3G19690.1,0.066905864
AT1G48560.1,0.22872665
AT4G14630.1,0.109348523
AT2G09215.1,0.127716429
AT5G54130.2,0.065874276
AT1G74960.2,0.150432772
AT4G00295.1,0.181721063
AT2G30615.1,0.16810597
AT5G09465.1,0.189972451
AT2G09925.1,0.14921339
AT1G08870.1,0.07442342
AT5G47700.1,0.239636699
AT1G25370.2,0.120267676
AT4G06145.1,0.434741755
AT2G31380.1,0.062729849
AT4G06845.1,0.262861634
AT1G80830.1,0.183319306
AT3G11500.2,0.11840606
AT4G04255.1,0.136313516
AT3G01145.1,0.216363115
AT1G54030.2,0.140194063
AT1G09233.1,0.255997292
AT2G03900.1,0.149874649
AT2G29485.1,0.147583595
AT2G21270.2,0.114339091
AT1G04033.1,0.222111227
AT2G07760.1,0.162475602
AT3G19380.1,0.182457655
AT5G56190.6,0.077761674
AT4G25900.1,0.176306107
AT1G62780.1,0.10333493
AT3G03665.1,0.126126335
AT1G09523.1,0.309685953
AT4G04595.1,0.190572069
AT1G13670.1,0.161792923
AT2G06303.1,0.059780526
AT1G73655.1,0.101888544
AT4G26870.1,0.090592989
AT3G62760.1,0.207985427
AT4G27910.1,0.290564508
AT1G69830.1,0.072018848
AT3G03330.1,0.119473798
AT3G63215.1,0.185380681
AT3G60966.1,0.125656348
AT3G25620.1,0.198882418
AT1G54000.1,0.120710683
AT5G65970.1,0.204559698
AT1G09693.1,0.082744724
AT3G16050.1,0.187388267
AT5G62080.1,0.227077806
AT3G54860.1,0.075501709
AT1G07460.2,0.181580447
AT5G54930.1,0.126889493
AT2G05010.1,0.117390249
AT2G17940.1,0.184261282
AT1G30540.2,0.226181702
AT5G16220.1,0.213341683
AT3G44769.1,0.091135966
AT4G10970.2,0.442834431
AT5G24655.1,0.229026318
AT1G06063.1,0.050105506
AT1G29520.1,0.376799555
AT5G09200.1,0.168648839
AT2G23600.2,0.053114142
AT5G56555.1,0.214175028
AT1G76070.1,0.209255575
AT5G24860.2,0.079118085
AT1G64070.1,0.133276916
AT3G56530.1,0.249832345
AT2G43550.1,0.193188096
AT3G08205.1,0.096616424
AT4G06519.1,0.119083654
AT3G13430.2,0.138628485
AT2G22090.2,0.153684004
AT2G01860.1,0.211653882
AT5G36340.1,0.11514992
AT4G07420.1,0.10231798
AT3G07690.1,0.08909834
AT1G68862.4,0.117054667
AT5G44160.2,0.183828547
AT2G01650.3,0.291750507
AT5G47240.2,0.384037611
AT5G56110.1,0.073482686
AT5G39680.1,0.328893622
AT4G27270.4,0.225812237
AT1G57780.1,0.079107136
AT3G43425.1,0.243925511
AT5G67360.1,0.135623796
AT5G04130.2,0.266291573
AT5G57270.5,0.37750606
AT1G62690.2,0.082524053
AT1G09460.1,0.086498334
AT1G04930.2,0.137225523
AT5G18270.1,0.11057017
AT3G10010.2,0.271830211
AT2G38480.1,0.113985559
AT5G19290.1,0.100222862
AT4G34332.1,0.079971215
AT4G10540.1,0.205492183
AT5G67240.1,0.130705887
AT5G13320.3,0.181228457
AT3G43586.1,0.091591068
AT3G02035.1,0.243799057
AT1G69580.1,0.110408862
AT1G66430.1,0.110664203
AT4G10230.1,0.216888075
AT4G08602.1,0.083843647
AT3G53770.2,0.21306915
AT1G22050.1,0.112252878
AT3G29648.1,0.065226085
AT3G46720.1,0.093057856
AT3G10360.1,0.061284198
AT3G17640.1,0.101170585
AT2G07415.1,0.087102251
AT1G74456.1,0.091062861
AT1G29270.1,0.214595801
AT2G32800.1,0.146800806
AT3G28240.1,0.052311454
AT1G41827.1,0.184575498
AT2G03470.1,0.280382782
AT5G03885.1,0.290867555
AT3G59420.1,0.236427509
AT5G10530.1,0.098004928
AT5G39205.1,0.150013772
AT2G43130.1,0.10484338
AT5G24670.3,0.206588035
AT5G27150.1,0.186086712
AT2G09610.1,0.202279323
AT1G53830.1,0.240302373
AT5G18610.2,0.1206409
AT1G67910.2,0.224503712
AT2G30575.1,0.150630393
AT5G18560.1,0.262751667
AT1G07490.1,0.073164193
AT1G02400.2,0.090988956
AT5G65650.1,0.107274087
AT3G50030.1,0.068896166
AT5G01995.1,0.225204733
AT5G26970.1,0.16688645
AT1G05863.1,0.117036726
AT3G03370.2,0.253653121
AT1G49970.1,0.127202242
AT5G48470.1,0.068739227
AT3G16870.1,0.082649444
AT5G63440.1,0.161202153
AT3G18320.1,0.153122355
AT1G40115.1,0.270117972
AT3G24927.1,0.125474853
AT4G10820.1,0.149990795
AT4G06235.1,0.166508198
AT5G11210.6,0.101725371
AT4G06020.1,0.295026569
AT1G27630.3,0.078932513
AT1G30580.1,0.069986901
AT5G46900.1,0.097412701
AT4G07324.1,0.144940021
AT5G20110.2,0.169828309
AT2G36050.1,0.147081273
AT2G12305.1,0.181465425
AT2G28860.1,0.314060029
AT1G11595.1,0.193131571
AT2G43870.1,0.135620718
AT3G14640.1,0.072166733
AT5G35375.1,0.054533433
AT5G09600.1,0.058801109
AT4G19045.1,0.150199916
AT4G07380.1,0.144715332
AT1G35200.1,0.075927811
AT2G08150.1,0.246600798
AT2G42395.1,0.13332309
AT4G38830.1,0.312847077
AT1G53570.6,0.10658573
AT3G07755.1,0.213001846
AT2G33490.1,0.065040042
AT1G19500.1,0.155569003
AT1G54690.1,0.330242822
AT5G44495.1,0.270408116
AT4G11610.1,0.121593176
AT4G07868.1,0.162238001
AT3G28890.2,0.306763942
AT2G05710.1,0.073752161
AT2G38900.2,0.096719136
AT1G28300.1,0.161532224
AT1G55620.2,0.1168733
AT3G58700.1,0.077696448
AT1G72520.1,0.066105989
AT2G47140.1,0.227826416
AT4G31700.1,0.058783437
AT3G09050.1,0.087005166
AT2G40050.1,0.186637901
AT3G54200.1,0.313466603
AT2G11320.1,0.235215307
AT1G27280.1,0.205013159
AT5G53470.1,0.202020977
AT2G48030.2,0.188083553
AT3G12915.1,0.077623725
AT5G28570.1,0.383271732
AT4G14960.2,0.152525107
AT2G04125.1,0.293237906
AT2G24590.1,0.157321529
AT1G09245.1,0.176088144
AT1G54035.1,0.052540947
AT5G56870.1,0.188000876
AT1G24510.2,0.060706096
AT3G43123.1,0.064232833
AT2G08560.1,0.065389026
AT1G76370.1,0.139166819
AT1G14610.1,0.144977748
AT5G58600.2,0.153843937
AT5G48485.1,0.260262677
AT1G32810.2,0.180398494
AT5G42920.2,0.118897994
AT2G16320.1,0.100425117
AT1G24050.1,0.088330125
AT2G07749.1,0.506478906
AT5G13890.1,0.167322893
AT1G59730.1,0.227051152
AT5G05025.1,0.157351718
AT1G58290.1,0.156514623
AT1G09213.1,0.341218702
AT1G18570.1,0.09153241
AT3G20400.1,0.116547571
AT5G09340.1,0.060326344
AT1G11510.1,0.334978693
AT5G03035.1,0.05168418
AT3G07620.1,0.17478767
AT4G15765.2,0.132457089
AT2G07965.1,0.408647274
AT5G45745.1,0.157095806
AT1G56820.1,0.259222107
AT3G46110.2,0.174145221
AT2G27120.2,0.156534925
AT1G32390.1,0.258845618
AT4G07285.1,0.092105695
AT3G12900.1,0.168996733
AT1G16225.2,0.100030719
AT1G31170.1,0.126566661
AT1G32530.1,0.160998141
AT3G26000.1,0.162048785
AT2G18820.1,0.065217084
AT5G41530.1,0.051315194
AT5G28330.1,0.083189986
AT1G22940.1,0.095267485
AT1G65590.1,0.250408412
AT3G13750.1,0.13490652
AT2G23410.1,0.083936969
AT1G46768.1,0.0868143
AT2G14900.1,0.067036882
AT4G08155.1,0.261955667
AT1G28230.1,0.078719782
AT3G30844.1,0.215732326
AT1G61540.1,0.175947522
AT5G27050.1,0.165208133
AT1G23930.1,0.222443411
AT5G56160.2,0.243232922
AT4G24175.2,0.133498649
AT2G32790.1,0.21034584
AT1G75360.1,0.087007848
AT2G07731.1,0.194751842
AT4G13257.1,0.201903425
AT3G22961.1,0.242805621
AT2G10380.1,0.192027157
AT1G04780.1,0.172346787
AT4G01480.1,0.191668976
AT2G32590.1,0.214002148
AT5G35740.1,0.174856994
AT1G53780.4,0.091643535
AT2G07213.1,0.071582785
AT2G17180.1,0.151278644
AT1G07645.1,0.20426499
AT4G20070.1,0.099094287
AT1G09433.1,0.184000177
AT3G51580.1,0.095892923
AT4G11670.2,0.185757034
AT1G66210.1,0.187780045
AT2G38770.1,0.069901195
AT1G35645.1,0.118549784
AT3G43415.1,0.112229071
AT5G36655.1,0.146188839
AT5G64813.1,0.216481708
AT2G33110.2,0.123389266
AT1G13230.1,0.122439985
AT1G57450.1,0.096930078
AT3G09455.1,0.09801392
AT4G03930.1,0.124855306
AT5G01960.1,0.054344908
AT5G62310.1,0.112090965
AT4G31150.3,0.27736852
AT5G32517.1,0.137455861
AT2G37220.1,0.252024897
AT4G13262.1,0.19485385
AT3G31317.1,0.297214858
AT5G38930.1,0.151307245
AT5G08670.1,0.106028161
AT3G06405.1,0.203395759
AT2G01910.1,0.165538883
AT5G46330.1,0.19380202
AT5G17070.1,0.296428023
AT2G20298.1,0.222250229
AT1G62225.1,0.122380121
AT1G43387.1,0.196739475
AT3G60565.1,0.129280822
AT3G05650.1,0.331799898
AT5G25630.3,0.191946793
AT5G06900.1,0.097598691
AT4G29540.3,0.065104875
AT3G01060.1,0.133152333
AT4G27900.1,0.061063143
AT2G13750.1,0.194171073
AT5G05995.1,0.150972138
AT1G28420.1,0.082983776
AT1G79520.3,0.218240804
AT2G10860.1,0.182287818
AT5G52360.1,0.22499698
AT1G61490.4,0.180804036
AT4G13080.1,0.219342826
AT5G32420.2,0.098849905
AT4G04380.1,0.304922433
AT3G28760.2,0.277013969
AT3G07080.1,0.077012668
AT1G43745.1,0.141025923
AT5G41370.1,0.151304127
AT5G30102.1,0.168456543
AT4G35690.1,0.095277744
AT3G06075.1,0.068216633
AT2G11380.1,0.171036544
AT3G62850.1,0.189313855
AT3G03260.2,0.172144424
AT2G41990.1,0.152728754
AT3G30388.1,0.096113145
AT2G22300.3,0.148964253
AT2G05565.1,0.1204615
AT1G06110.1,0.305847901
AT2G37120.1,0.062778782
AT1G14270.2,0.052941709
AT2G42160.1,0.14601045
AT5G44410.1,0.064806199
AT4G20910.2,0.152261092
AT1G71950.1,0.275291945
AT5G41340.2,0.079716907
AT1G13090.1,0.056387481
AT3G05685.2,0.17246747
AT3G43684.1,0.055841563
AT2G04690.3,0.090888348
AT1G74650.2,0.177404103
AT1G40101.1,0.167499689
AT5G46915.1,0.115344808
AT4G29460.1,0.051500153
AT1G23935.1,0.118742289
ATMG09450.1,0.056056169
AT3G12502.1,0.050765513
AT3G07855.1,0.128009146
AT4G04780.1,0.439533056
AT1G48355.1,0.100121612
AT5G16110.1,0.335893092
AT1G10875.1,0.076408519
AT4G11910.1,0.077280466
AT4G06537.1,0.159428212
AT5G17890.1,0.214761435
AT5G33253.1,0.122974236
AT5G08340.1,0.087788092
AT5G01555.1,0.118545897
AT2G03320.1,0.117030667
AT2G23790.1,0.161294481
AT3G50330.1,0.149755072
AT5G41763.1,0.05986688
AT5G50443.1,0.142134214
AT3G06920.2,0.105542247
AT1G63660.1,0.136330732
AT4G27570.1,0.153638558
AT5G60820.1,0.141080591
AT4G31695.1,0.091607296
AT5G39490.1,0.102799278
AT4G30380.2,0.120682963
AT4G05205.1,0.050029375
AT3G08780.2,0.119659347
AT3G17140.1,0.163179184
AT2G37390.1,0.190402081
AT4G25310.1,0.101536739
AT5G24790.1,0.268105614
AT5G22820.1,0.27875189
AT3G31390.1,0.208668841
AT1G34640.1,0.115509703
AT1G50310.1,0.1995876
AT3G02640.1,0.234335015
AT2G08960.1,0.160589595
AT1G43180.1,0.216970014
AT4G05360.1,0.216864619
AT4G28365.1,0.295177679
AT3G44718.1,0.081981865
AT3G04355.1,0.21307125
AT3G48231.1,0.156889695
ATCG00590.1,0.054503271
AT3G01410.1,0.150362082
AT3G11150.1,0.278251262
AT3G03540.1,0.332017272
AT3G09940.1,0.212671972
AT5G46960.1,0.210852802
AT1G33300.1,0.247400617
AT4G33870.1,0.151234574
AT1G07433.1,0.203723247
AT5G36925.1,0.271435706
AT2G32910.1,0.119805781
AT5G50560.1,0.137247177
AT1G66960.2,0.19830399
AT2G24700.1,0.206716351
AT3G01880.1,0.194687971
AT1G04037.1,0.097332779
AT3G15530.1,0.058375229
AT3G10282.1,0.080003192
AT1G07407.1,0.183228338
AT3G13210.1,0.132636881
AT2G23130.2,0.098881308
AT3G62529.1,0.169412241
AT1G08465.1,0.369341761
AT4G07650.1,0.129895411
AT2G17350.1,0.06914715
AT5G08435.1,0.198627851
AT4G14430.1,0.159964434
AT1G50390.1,0.197327576
AT4G07120.1,0.260554663
AT3G21050.1,0.140982039
AT1G08133.1,0.157022126
AT3G43526.1,0.179406267
AT2G03915.1,0.222181651
AT3G01775.1,0.081837103
AT1G68907.1,0.169069527
AT2G36040.1,0.090862762
AT2G07195.1,0.203426159
AT4G06395.1,0.058815142
AT5G61850.2,0.050233795
AT2G24900.1,0.103711458
AT4G06180.2,0.106569898
AT1G61550.1,0.259516999
AT5G61880.3,0.128499413
AT5G48010.2,0.189029203
AT3G28785.1,0.264528215
AT2G06650.1,0.269833514
AT5G26865.1,0.107914405
AT2G28940.1,0.106264772
AT3G31314.1,0.192921037
AT5G16870.1,0.060171281
AT4G27290.2,0.224461833
AT4G14260.1,0.181741875
AT5G43010.1,0.136628082
AT1G58265.1,0.22906303
AT1G55964.1,0.166125481
AT5G60930.2,0.092936372
AT1G41893.1,0.133872332
AT4G30360.1,0.200408761
AT4G09200.1,0.233809299
AT2G41250.1,0.128321689
AT4G08740.1,0.173192899
AT2G05615.1,0.1022134
AT5G06100.4,0.257898672
AT2G45180.1,0.056366142
AT5G29624.1,0.055139842
AT5G11440.2,0.189759712
AT1G16520.1,0.121895821
AT1G51680.1,0.160654903
AT1G48710.1,0.053966399
AT1G55610.2,0.11477472
AT1G07400.1,0.15852148
AT1G57835.1,0.135359602
AT2G05110.1,0.329617489
AT5G24215.1,0.231309889
AT3G44267.1,0.063274591
AT2G46494.1,0.178782452
AT3G50301.1,0.172607161
AT5G34843.1,0.189326791
AT2G20060.1,0.080198198
AT5G62930.3,0.109258337
AT1G11050.1,0.371882971
AT5G27495.1,0.07756789
AT5G19960.1,0.101577862
AT2G28671.1,0.174517296
AT4G09105.1,0.065847221
AT5G09385.1,0.09859565
AT3G57220.1,0.071176509
AT4G01930.1,0.103998349
AT5G36907.1,0.088840054
AT4G27380.1,0.076023964
AT1G16630.1,0.201042718
AT3G60420.1,0.187250692
AT1G19100.1,0.083056361
AT1G20515.1,0.1715612
AT4G13400.2,0.097007461
AT2G43920.4,0.247299932
AT1G32010.1,0.26711141
AT5G10560.1,0.098821301
AT5G02855.1,0.115141631
AT4G38860.1,0.109693743
AT2G09435.1,0.075970939
AT1G09377.1,0.185224363
AT2G31690.1,0.078929948
AT3G22337.1,0.061490824
AT2G07681.1,0.097848111
AT3G04155.1,0.304393382
AT4G04295.1,0.187619186
AT3G21120.1,0.140811491
AT1G65480.2,0.105211071
AT3G27390.2,0.091191245
AT3G07510.1,0.167188684
ATMG00880.1,0.077219843
AT3G32172.1,0.103863798
AT1G55500.4,0.066675194
AT5G01235.1,0.087053106
AT4G04170.1,0.056086804
AT5G08785.1,0.363237907
AT4G19360.1,0.10011648
AT5G31087.1,0.17647968
AT1G05880.3,0.159455339
AT2G05950.1,0.05203331
AT2G38290.1,0.122593384
AT1G35240.1,0.123451383
AT1G23250.2,0.242388743
ATCG00220.1,0.111819353
AT2G12480.3,0.065718997
AT4G07862.1,0.058825002
AT5G08200.1,0.170012387
AT2G09990.1,0.101840883
AT1G05837.1,0.201277971
AT3G19430.2,0.053879334
AT3G58420.1,0.11247026
AT1G03390.1,0.175084729
AT5G14960.1,0.074870348
AT1G27930.1,0.111584966
AT1G55475.2,0.077544456
AT2G47210.2,0.236107571
AT3G14460.1,0.083034048
AT5G05990.1,0.071551971
AT5G08470.2,0.241044319
AT3G59820.3,0.054372277
AT4G09425.1,0.192761598
AT3G49880.1,0.101002191
AT3G25970.1,0.130060697
AT2G09335.1,0.121619568
AT1G58440.1,0.11217592
AT2G17540.2,0.227966336
AT5G47080.3,0.14062399
AT4G08116.1,0.203760208
AT2G15980.1,0.188397036
AT3G04985.1,0.281154036
AT1G80660.3,0.116755626
AT1G48320.1,0.11891416
AT3G02625.1,0.087700953
AT3G45680.1,0.117129438
AT5G26720.1,0.091194865
AT3G57180.1,0.091851118
AT5G32800.1,0.221143331
AT5G05435.1,0.345241916
AT1G69325.1,0.152833427
AT1G04393.1,0.362471214
AT1G19530.1,0.229636659
AT2G07215.1,0.132989471
AT2G44230.1,0.151309529
AT5G27440.1,0.129608483
AT1G42170.1,0.217803932
AT4G33770.3,0.063364206
AT3G11710.1,0.139463503
AT2G17295.1,0.15520535
AT4G28210.1,0.174717479
AT3G08465.1,0.076719757
AT3G63430.2,0.0928255
AT4G05587.1,0.098329286
AT5G48810.1,0.207262463
AT2G08895.1,0.266848285
AT4G02480.1,0.062260787
AT3G30833.1,0.201722377
AT5G25870.1,0.191873619
AT1G24140.1,0.071986614
AT1G80370.1,0.082740989
AT2G21780.1,0.217411469
AT4G23110.1,0.225922503
AT4G06510.1,0.135830707
AT5G59350.1,0.214072746
AT2G28340.1,0.178866807
AT5G43035.1,0.226196655
AT3G55940.1,0.524140605
AT1G06890.1,0.182674422
AT5G55200.1,0.142410866
AT1G38131.1,0.050723289
AT3G06650.2,0.073968636
AT3G06780.1,0.266735549
AT4G04105.1,0.132768045
AT2G04395.3,0.220059701
AT1G07853.1,0.105311268
AT1G62330.1,0.166340138
AT4G22305.2,0.294616729
AT3G30415.1,0.171406882
AT3G22136.1,0.189552111
AT3G42803.1,0.267059549
AT1G19485.2,0.258416872
AT3G08725.1,0.066764336
AT3G59640.2,0.090856895
AT1G54170.1,0.148885454
AT4G02190.1,0.134370387
AT3G11505.1,0.171852713
AT4G24615.1,0.18365783
AT1G08737.1,0.072813935
AT1G80550.1,0.209179822
AT2G06290.1,0.19803227
AT3G10113.1,0.281963014
AT4G29090.1,0.160453632
AT1G76600.1,0.162787831
AT2G18160.1,0.09517677
AT5G03775.1,0.141787763
AT3G56150.1,0.094789123
AT5G07415.1,0.14116627
AT1G01725.1,0.248827548
AT1G14770.2,0.070129033
AT4G20090.1,0.079690082
AT1G68640.1,0.059111454
AT3G17220.1,0.202798051
AT5G02980.1,0.225659258
AT2G42090.1,0.10464586
AT3G55200.1,0.474816664
AT4G24972.1,0.186079011
AT1G26210.1,0.328263336
AT3G12560.2,0.106226929
AT1G54200.1,0.110538443
AT4G00520.4,0.057632232
AT3G32275.1,0.10389262
AT2G10000.1,0.189844477
AT3G05655.1,0.093950734
AT4G07664.1,0.111695967
AT2G02100.1,0.187133685
AT4G28680.6,0.115158867
AT3G22690.2,0.097235942
AT1G05530.1,0.191755523
AT1G18630.1,0.375260401
AT2G05550.1,0.1577988
AT4G28570.1,0.202785046
AT2G31080.1,0.217798965
AT2G40160.1,0.057053654
AT5G06610.1,0.231193908
AT2G22470.1,0.101610912
AT4G07738.1,0.267494456
AT1G54280.3,0.165098774
AT3G57400.1,0.101713314
AT1G71110.1,0.097299383
AT3G52090.2,0.163523022
AT2G42750.1,0.239325055
AT4G32320.1,0.088568738
AT3G23720.1,0.198047873
AT1G57290.1,0.188239108
AT4G18940.1,0.168738372
AT1G71440.1,0.105517023
AT4G06676.2,0.12739948
AT4G20430.3,0.252143646
AT5G35600.1,0.17171104
AT4G03255.1,0.153578416
AT3G27540.1,0.23541672
AT5G35923.1,0.122003898
AT5G59380.1,0.122386338
AT3G13870.1,0.146606081
AT2G07799.1,0.104308427
AT5G16640.1,0.217926454
AT4G33560.1,0.127198982
AT3G52360.1,0.11534571
AT3G17010.1,0.135146225
AT1G58520.5,0.21845779
AT1G68825.1,0.167868282
AT1G43040.2,0.202277886
AT5G63780.2,0.215161212
AT4G07090.1,0.067685065
AT2G06667.1,0.081172988
AT4G25235.1,0.196361268
AT3G01615.1,0.11795869
AT2G32250.5,0.442184854
AT4G07250.1,0.154561195
AT4G08114.1,0.180904522
AT1G73340.1,0.087431915
AT2G46710.1,0.100428281
AT1G31640.1,0.065935447
AT2G19500.1,0.074407856
AT5G07015.1,0.131772406
AT5G50120.1,0.076959051
AT1G19920.1,0.199059845
AT4G02900.2,0.061229539
AT1G09747.1,0.115187006
AT1G77060.1,0.239282264
AT5G24460.1,0.116870922
AT4G32120.1,0.152124841
AT3G48130.1,0.216569717
AT1G42615.1,0.224712371
AT2G08765.1,0.077118955
AT1G06737.1,0.088647575
AT2G09370.1,0.188002423
AT2G43240.1,0.242166439
AT2G37680.2,0.309842802
AT2G07235.1,0.161946547
AT3G61310.1,0.153053516
AT5G06935.1,0.196814082
AT5G32572.1,0.093793267
AT4G35210.1,0.140073834
AT1G03310.2,0.262307176
AT5G13610.1,0.139623348
AT2G01660.2,0.240808466
AT5G30440.1,0.238061947
AT5G04060.1,0.151218358
AT5G47950.1,0.261088826
AT5G40810.2,0.256428269
AT3G43570.1,0.104995682
AT1G07993.1,0.056018087
AT1G77480.2,0.175071606
AT1G35143.1,0.20417451
AT5G58540.3,0.178535183
AT2G16700.3,0.114169221
AT2G44065.3,0.103555349
AT3G01360.1,0.115465724
AT5G53110.1,0.139184112
AT5G44230.2,0.093977688
AT1G61130.1,0.24539526
AT5G08860.1,0.143575258
AT2G07780.1,0.105160175
AT2G14310.1,0.270393205
AT4G08065.1,0.250026519
AT5G18500.1,0.077118719
AT4G22560.1,0.096864827
AT5G15025.1,0.11397652
AT1G20450.1,0.083053302
AT2G02023.1,0.30412187
AT4G25300.2,0.081185686
AT4G32870.1,0.093314428
AT5G04510.3,0.062368328
AT4G20520.1,0.221510459
AT3G05670.2,0.115442998
AT5G54320.1,0.107938795
AT1G16640.1,0.218815489
AT3G48201.1,0.168231681
AT3G03990.1,0.261786119
AT3G04105.1,0.126120413
AT5G18820.2,0.23479043
AT3G57680.2,0.21860235
AT2G20465.1,0.060813973
AT1G60835.1,0.09398043
AT5G34770.1,0.19294978
AT1G05680.1,0.23324766
AT3G29290.1,0.129291948
AT5G07955.1,0.189690647
AT4G03100.1,0.130156664
AT4G27660.1,0.117150927
AT3G28685.1,0.210501469
AT1G27860.1,0.283756508
AT3G04440.2,0.339087619
AT2G27650.1,0.122921619
AT3G04620.1,0.296234661
AT5G03370.1,0.051368181
AT4G28410.2,0.223843425
AT1G62170.2,0.175534235
AT5G24200.2,0.263285194
AT1G02800.1,0.117789706
AT4G04740.4,0.053332258
AT5G48640.4,0.291132676
AT4G09589.1,0.104024864
AT3G02105.1,0.060481898
AT5G16500.1,0.161285953
AT3G49960.1,0.108615935
AT1G68850.1,0.260467562
AT1G23200.1,0.085461534
AT1G09733.1,0.252602198
AT4G37685.1,0.142026179
AT3G09045.1,0.233856643
AT1G03475.1,0.38792441
AT1G09105.2,0.109041179
AT2G25490.1,0.098766475
AT2G20270.1,0.155805654
AT1G60780.1,0.167879029
AT5G03944.1,0.253110829
AT2G33840.1,0.221253181
AT2G04180.1,0.285426329
AT3G03920.1,0.212370277
AT1G73885.1,0.347625906
AT1G51030.1,0.342015813
AT4G00955.1,0.162724615
AT1G77910.1,0.231196084
AT1G36270.1,0.356031681
AT3G07995.1,0.208018699
AT4G14420.1,0.068193786
AT1G08797.1,0.126725366
AT1G07843.1,0.271393039
AT5G02640.1,0.205439525
AT3G62410.1,0.104411775
AT2G16145.1,0.180984184
AT1G04443.1,0.203936884
AT4G21610.2,0.100434676
AT3G30885.1,0.092156915
AT4G17430.1,0.0892885
AT5G04495.1,0.140193537
AT5G07315.1,0.072407505
AT1G23720.2,0.074457623
AT3G28020.1,0.283072537
AT5G46750.1,0.067132966
AT2G43040.1,0.117666732
AT4G07460.1,0.083712471
AT4G22890.1,0.058517223
AT5G04710.1,0.193496291
AT2G41720.3,0.15612033
AT1G27660.1,0.108207081
AT5G39240.1,0.226019769
AT3G18827.1,0.15863679
AT3G50290.1,0.127067091
AT4G02055.1,0.062039378
AT2G39730.2,0.201759053
AT1G63300.1,0.076146094
AT5G56605.1,0.08432557
AT2G07665.1,0.167544784
AT2G43890.1,0.07966603
AT1G28591.1,0.179223412
AT4G34440.1,0.077209849
AT1G29410.2,0.057211324
AT4G02400.1,0.089852049
AT1G09470.2,0.055436221
AT1G23970.2,0.209648868
AT2G34270.1,0.11194547
AT5G08890.1,0.065390089
AT5G48690.3,0.094076943
AT5G22150.1,0.086725759
AT5G20830.1,0.174255002
AT4G39840.1,0.157781673
AT4G00590.2,0.078657482
AT4G20330.1,0.098325408
AT4G29430.1,0.071041131
AT1G15030.1,0.133953074
ATMG00950.1,0.203396137
AT2G05000.1,0.212790275
AT4G09795.1,0.142315141
AT5G37872.1,0.162471775
AT1G64170.1,0.095686267
AT2G45600.1,0.175380335
AT1G50600.2,0.171213567
AT5G47260.1,0.065331372
AT4G13340.1,0.201028605
AT2G28815.1,0.286488637
AT2G04955.1,0.060457876
AT5G02505.1,0.196791136
AT2G29930.1,0.08460761
AT1G16350.1,0.357791846
AT3G28360.1,0.195403225
AT4G24200.2,0.106567792
AT4G17005.1,0.22870544
AT4G08333.1,0.130735521
AT2G47030.1,0.120345503
AT2G44740.1,0.226386396
AT5G45905.1,0.14074603
AT2G25440.1,0.210058303
AT2G29735.1,0.200089897
AT1G26225.1,0.062691218
AT4G08165.1,0.058860953
AT4G07700.1,0.180817593
AT2G33860.1,0.123772848
AT1G30500.2,0.222532123
AT5G11370.1,0.109852064
AT3G42590.1,0.078745046
AT3G24300.1,0.176389952
AT2G40860.3,0.138529143
AT2G06925.1,0.263711647
AT2G36490.1,0.122488628
AT3G33069.1,0.179886074
AT5G42720.1,0.256842964
AT2G33030.1,0.175407699
AT5G49800.1,0.281237297
AT2G26910.1,0.154768722
AT5G43930.3,0.068353014
ATCG00130.1,0.197890155
AT4G19770.1,0.177896392
AT1G12590.1,0.163411331
AT4G14020.1,0.099235108
AT3G30580.1,0.071034778
AT1G72440.1,0.072837056
AT5G24000.1,0.09025332
ATCG01200.1,0.110429543
AT1G53600.1,0.202525641
AT1G67785.1,0.276626007
AT1G02530.2,0.09679845
AT3G15640.1,0.302747804
AT5G66360.2,0.13466396
AT5G20750.1,0.120105225
AT3G02350.1,0.091767633
AT3G08410.1,0.114881764
AT1G07051.1,0.141412021
AT3G45650.2,0.06279347
AT1G68930.1,0.240915204
AT4G11580.1,0.106174643
AT3G04175.1,0.150156152
AT5G57200.1,0.294821014
AT3G02095.1,0.228479483
AT5G56070.1,0.09941761
AT3G44470.2,0.085175313
AT1G17820.1,0.072741321
AT3G22740.1,0.086447825
AT4G05580.1,0.141628974
AT3G46180.2,0.137380786
AT4G21595.1,0.181054972
AT5G11490.3,0.153462836
AT1G13040.2,0.336836829
AT4G18593.2,0.152931018
AT3G26170.1,0.078887698
AT4G14450.1,0.12786064
AT3G05325.1,0.159791847
AT3G17265.1,0.112421557
AT1G79190.1,0.107227803
AT4G24320.1,0.12245511
AT5G22140.1,0.056778296
AT1G60810.2,0.180883153
AT1G50960.1,0.209992942
AT1G37012.1,0.114207813
AT1G02065.2,0.075018381
AT1G14190.2,0.45235719
AT3G25070.2,0.092191955
AT4G19070.1,0.149122162
AT4G06630.1,0.282139836
AT5G39995.1,0.08914059
AT3G03830.1,0.076445111
AT1G04190.1,0.088251148
AT2G36950.1,0.271658938
AT2G03270.1,0.152801482
AT3G18310.1,-0.457322164
AT5G46240.1,-0.051005069
AT2G38310.1,-0.0819596
AT5G05185.1,-0.10022609
AT1G09943.1,-0.160652616
AT3G13820.1,-0.175941709
AT2G09180.1,-0.148303327
AT5G05445.1,-0.150129213
AT1G58010.1,-0.13647674
AT1G53903.1,-0.137664003
AT1G05597.1,-0.053420361
AT2G07719.1,-0.071006942
AT3G52760.1,-0.400919412
AT5G52750.2,-0.097435833
AT3G08315.1,-0.055805835
AT2G36060.1,-0.222867802
AT3G02135.1,-0.136354222
AT3G36659.1,-0.221387594
AT4G03635.1,-0.171150933
AT4G22320.2,-0.381337091
AT3G62620.4,-0.219454903
AT1G06827.1,-0.092005429
AT4G34970.1,-0.104956938
AT5G34839.1,-0.068584937
AT4G32050.1,-0.054149337
AT1G17140.1,-0.057149267
AT5G26030.1,-0.164179317
AT3G51880.1,-0.457820771
AT2G47470.1,-0.165036557
AT5G49240.1,-0.218082526
AT3G27500.1,-0.144511598
AT2G03620.2,-0.186512854
AT3G50840.3,-0.223663624
AT5G05985.1,-0.22920331
AT1G08357.1,-0.126579242
AT1G23160.1,-0.14117963
AT5G36310.1,-0.12232191
AT5G23395.1,-0.059049914
AT4G32070.1,-0.604874071
AT3G51370.1,-0.055663344
AT1G01740.3,-0.123615359
AT1G65830.1,-0.222489913
AT4G23150.1,-0.386942676
AT3G27480.1,-0.231441111
AT1G68490.1,-0.150715695
AT1G18970.1,-0.239037203
AT3G43723.1,-0.178684312
AT1G22210.1,-0.25711951
AT5G28920.1,-0.103471646
AT4G26790.1,-0.137696108
AT4G07498.1,-0.16088489
AT5G59720.1,-0.129157617
AT3G26250.1,-0.244454075
AT5G33433.1,-0.104723865
AT1G04817.1,-0.123614448
AT1G62720.1,-0.099980323
AT1G02570.1,-0.085379656
AT1G26790.1,-0.05000756
AT1G01350.1,-0.059833143
AT3G20541.1,-0.151161972
AT3G58930.1,-0.066417542
AT1G71830.1,-0.055787313
AT5G05970.2,-0.141205425
AT1G17710.1,-0.266036788
AT5G19880.1,-0.240576659
AT5G06515.1,-0.178802029
AT2G32415.3,-0.065240842
AT1G03120.2,-0.149607369
AT1G43130.2,-0.357540108
AT2G35310.1,-0.126682336
AT5G64760.3,-0.545247426
AT2G34655.1,-0.115742897
AT4G40042.1,-0.104561267
AT5G42620.1,-0.056079606
AT2G23850.1,-0.068413501
AT2G24850.1,-0.192759733
AT4G03555.1,-0.213589082
AT5G43935.1,-0.215685726
ATMG01190.1,-0.175114959
AT1G64160.1,-0.189626465
AT1G51600.1,-0.436692728
AT2G34010.2,-0.233252828
AT3G49750.1,-0.258120828
AT1G35040.1,-0.158255611
AT3G04815.1,-0.128302815
AT1G74250.1,-0.067657799
AT1G32510.1,-0.090057824
AT5G63905.1,-0.290912731
AT3G05955.1,-0.120607601
AT4G37340.1,-0.097783535
AT3G42190.1,-0.224934799
AT3G57930.2,-0.127200741
AT5G36030.1,-0.258416747
AT1G17280.6,-0.190239601
AT3G42083.1,-0.137034465
AT5G21150.1,-0.255675154
AT5G03545.1,-0.193833337
AT2G47680.1,-0.114238095
AT5G61040.1,-0.188918256
AT2G08205.1,-0.069289274
AT1G08955.1,-0.172166909
AT5G05240.1,-0.07684229
AT5G25950.1,-0.127302192
AT1G02180.1,-0.165396565
AT1G49370.1,-0.118812908
AT1G09610.1,-0.054851324
AT1G09823.1,-0.104524556
AT1G21600.1,-0.409087996
AT4G00280.1,-0.202209133
AT4G18280.1,-0.426404643
AT2G05335.1,-0.241393798
AT2G13270.1,-0.17600747
AT2G47585.1,-0.11869858
AT4G32960.1,-0.417282368
AT5G65170.1,-0.369218837
AT4G36515.1,-0.078836153
AT2G33170.1,-0.195603989
AT5G53920.1,-0.12121084
AT1G53345.1,-0.141610551
AT5G00455.1,-0.091798652
AT5G03325.1,-0.056512787
AT2G35600.3,-0.096289132
AT5G55460.1,-0.149326744
AT3G21160.2,-0.077529014
AT1G76065.1,-0.24208052
AT1G73970.2,-0.105133999
AT4G24805.1,-0.21011378
AT2G34570.1,-0.244243268
AT5G17760.2,-0.227360778
AT2G37050.4,-0.12671816
AT3G10114.1,-0.208159251
AT4G12570.1,-0.109483819
AT3G33595.1,-0.221840651
AT5G47300.1,-0.147228469
AT3G01595.1,-0.109943619
AT3G62710.1,-0.170578165
AT2G37450.3,-0.179533813
AT3G59960.2,-0.292813518
AT1G23300.1,-0.11544049
AT3G44757.1,-0.165142798
AT4G27550.1,-0.081223487
AT5G55270.1,-0.13282218
AT2G35030.1,-0.320348625
AT5G31637.1,-0.105076385
AT1G54180.2,-0.213000508
AT2G09953.1,-0.284522041
AT4G07470.1,-0.138948394
AT4G33050.5,-0.116192579
AT2G04715.1,-0.1681555
AT3G27473.1,-0.138246919
AT1G72630.1,-0.175389681
AT4G24820.1,-0.115844039
AT4G24690.1,-0.082780613
AT4G32285.2,-0.307016154
AT5G36659.1,-0.186369494
AT4G20700.2,-0.078156576
AT3G03140.1,-0.240152716
AT5G07320.1,-0.059388245
AT1G36495.1,-0.097026256
AT4G06915.1,-0.463785774
AT2G02690.2,-0.104846875
AT1G16025.1,-0.211926321
AT4G21240.1,-0.279945476
AT1G20390.1,-0.145346163
AT5G03195.1,-0.244667443
AT3G18090.3,-0.08595598
AT1G09813.1,-0.116873414
AT2G21800.3,-0.226992273
AT3G25830.1,-0.190296601
AT1G80520.1,-0.181172302
AT3G05135.1,-0.219280947
AT1G23560.1,-0.140748441
ATMG00340.1,-0.083202022
AT2G29165.1,-0.224814184
AT1G54930.2,-0.289273003
AT1G45190.1,-0.156856942
AT3G14730.1,-0.237584264
AT3G23980.1,-0.096502763
AT5G02450.1,-0.095888321
AT2G05675.1,-0.166380196
AT4G21710.1,-0.165347975
AT2G26270.1,-0.19380505
AT5G48820.1,-0.139088916
AT5G39863.1,-0.186592573
AT4G39200.1,-0.178904092
AT2G07530.1,-0.194113446
AT1G70190.1,-0.092380218
AT5G02605.1,-0.207332969
AT2G13145.1,-0.170755712
AT1G08753.1,-0.177611216
AT1G24170.1,-0.172722078
AT4G04435.1,-0.141329621
AT3G26310.1,-0.175269971
AT5G52355.1,-0.103038883
AT1G13210.1,-0.190383475
AT5G43140.2,-0.071324523
AT3G52742.1,-0.190662784
AT3G10030.2,-0.211819862
AT5G46850.2,-0.103126178
AT1G61240.6,-0.175377288
AT5G33226.1,-0.106435537
AT3G09860.1,-0.233326402
AT4G14400.1,-0.13188678
AT1G51405.1,-0.199144302
AT1G05697.1,-0.100772592
AT5G66550.2,-0.217924682
AT5G47090.1,-0.209698115
AT3G08055.1,-0.384515461
AT5G12235.1,-0.118441515
AT4G21630.1,-0.179387795
AT3G63530.2,-0.062040418
AT5G06030.1,-0.1929426
AT5G64400.1,-0.209824167
AT1G09065.1,-0.168902459
AT5G53120.6,-0.056265132
AT4G23885.1,-0.131476324
AT5G41491.1,-0.060624094
AT5G56470.1,-0.13240113
AT5G47360.1,-0.134312863
AT2G37910.1,-0.144010705
AT4G29990.1,-0.084674622
ATMG01100.1,-0.180636837
AT3G14130.2,-0.069585342
AT1G52600.1,-0.112478662
AT3G54340.1,-0.187290062
AT2G36840.1,-0.244650755
AT1G05493.1,-0.202963591
AT3G10572.2,-0.144507076
AT4G29010.1,-0.188661771
AT5G09370.2,-0.1062654
AT3G41762.1,-0.171510815
AT4G11945.1,-0.106092509
AT5G33389.1,-0.275022611
AT3G55795.1,-0.165040735
AT1G65070.3,-0.204706727
AT1G29195.1,-0.142405623
AT1G62570.1,-0.217971763
AT1G16970.1,-0.088848862
AT4G33880.1,-0.115615299
AT1G33260.1,-0.099543727
AT5G03925.1,-0.11419897
AT5G55260.2,-0.143329733
AT4G11030.1,-0.167586108
AT4G21400.8,-0.200614093
AT5G61120.2,-0.118696864
AT5G28390.1,-0.108619708
AT3G62060.2,-0.1048449
AT3G59580.2,-0.47953999
AT5G36730.1,-0.203828348
AT1G35146.1,-0.147831214
AT2G36610.1,-0.219862173
AT5G43790.1,-0.069457174
AT2G35350.1,-0.201510905
AT5G01990.1,-0.218758228
AT1G64583.2,-0.315863705
AT5G59600.1,-0.167337902
AT1G27490.1,-0.133463977
AT1G66770.1,-0.130721039
AT4G03640.1,-0.114227869
AT1G06287.1,-0.176900346
AT5G39930.1,-0.194551628
AT5G23690.1,-0.073972475
AT3G56750.1,-0.184273865
AT5G52250.1,-0.099001287
AT3G52285.1,-0.2330135
AT1G57370.1,-0.146386895
AT1G61760.1,-0.07743421
ATCG00740.1,-0.112017891
AT1G63820.1,-0.0896587
AT2G18070.1,-0.117597275
AT2G08110.1,-0.230427643
AT1G08125.2,-0.223665097
AT1G47657.1,-0.112900657
AT1G30570.1,-0.200356882
AT3G30846.1,-0.201645967
AT2G09150.1,-0.121704304
AT2G13690.1,-0.272892897
AT2G47270.1,-0.179005188
AT1G04990.3,-0.168690826
AT1G48440.1,-0.273267149
AT5G16080.1,-0.157014759
AT3G08370.1,-0.089477498
AT5G05665.1,-0.174579415
AT2G33780.1,-0.407522919
AT2G36580.1,-0.054897859
AT1G72500.2,-0.052151794
AT4G14840.1,-0.115528685
AT3G02955.1,-0.215398799
AT5G35650.1,-0.146679844
AT3G49760.1,-0.322071943
AT3G02510.2,-0.086385235
AT1G78950.2,-0.116114427
AT3G05970.1,-0.258501634
AT1G10455.1,-0.121554352
AT1G62790.1,-0.228542641
AT5G58930.1,-0.210415663
AT1G15810.1,-0.149209783
AT3G53720.2,-0.07895403
AT5G04025.1,-0.16194574
AT5G25750.1,-0.665834225
AT5G35920.1,-0.234396999
AT1G05823.1,-0.251328108
AT2G04940.1,-0.195636704
AT4G13245.1,-0.227743849
AT1G50530.1,-0.132936167
AT5G51050.1,-0.208709255
AT5G09670.1,-0.267141967
AT5G50690.2,-0.166053282
AT4G18750.1,-0.055997637
AT1G16410.1,-0.057464547
AT5G45740.1,-0.219023845
AT5G60410.1,-0.145256712
AT5G48650.1,-0.110613541
AT5G40390.1,-0.206606804
AT4G04110.1,-0.083889721
AT2G42470.1,-0.10520143
AT2G46150.1,-0.150654057
AT2G39170.1,-0.138785673
AT4G19310.1,-0.074365269
AT2G46950.2,-0.169650854
AT5G51520.1,-0.079330981
AT5G34686.1,-0.087650217
AT5G11325.1,-0.27937891
AT4G35130.1,-0.223025151
AT2G00370.1,-0.123863236
AT4G08033.1,-0.167964817
AT4G09295.1,-0.416561475
AT2G10205.1,-0.325247901
AT1G02140.1,-0.265781038
AT5G07925.1,-0.324447071
AT5G46590.1,-0.207076556
AT5G11790.2,-0.066564979
AT3G15604.1,-0.084330676
AT4G17900.2,-0.163819209
AT5G19675.1,-0.449654173
AT5G04690.2,-0.094808685
AT2G01031.1,-0.059674053
AT5G63290.1,-0.276261673
AT4G12010.1,-0.314534575
AT5G23940.1,-0.059766776
AT5G22950.1,-0.210136793
AT1G71870.1,-0.215085006
AT1G07483.1,-0.338503565
AT5G54380.1,-0.068098269
AT3G47820.1,-0.191942792
AT1G23070.1,-0.485385609
AT3G27660.1,-0.15836429
AT4G02405.2,-0.10286455
AT4G12670.2,-0.385388275
AT3G22110.1,-0.078414864
AT3G46487.1,-0.301485622
AT1G49080.1,-0.113379144
AT3G16340.1,-0.155825187
AT1G19140.1,-0.196626249
AT3G51080.1,-0.403136907
AT5G15010.1,-0.20559271
AT1G07673.1,-0.166009665
AT3G24420.1,-0.17576693
AT3G55935.1,-0.170521425
AT1G53220.1,-0.068167649
AT1G12400.3,-0.138494282
AT5G19170.1,-0.246287634
AT2G08975.1,-0.179206203
AT1G48760.2,-0.142425423
AT2G20480.1,-0.18475595
AT1G68875.1,-0.102904099
AT4G06684.1,-0.139251459
AT1G22770.1,-0.085436081
ATMG00070.1,-0.199928735
AT2G47380.2,-0.172795573
AT5G53420.5,-0.171180814
AT4G39235.1,-0.114564509
AT1G09207.1,-0.116986617
AT5G26740.2,-0.180867301
AT2G29560.1,-0.175479651
AT1G60987.1,-0.213887001
AT3G06460.1,-0.191207995
AT2G33775.1,-0.439219715
AT1G09035.1,-0.170417089
AT1G35570.1,-0.264448694
AT3G43681.1,-0.23918944
AT3G08640.1,-0.226481752
AT4G20645.1,-0.134626533
AT3G31560.1,-0.1356724
AT1G22920.1,-0.209529669
AT2G09125.1,-0.17131036
AT3G47040.3,-0.067674515
AT3G42203.1,-0.157440007
AT3G21590.2,-0.089789581
AT1G04507.1,-0.205788867
AT4G36925.2,-0.168581553
AT1G48470.1,-0.197055454
ATMG00516.1,-0.248620881
AT1G07230.1,-0.277188212
AT2G40020.2,-0.089686451
AT3G13662.1,-0.227644258
AT3G44330.1,-0.054359938
AT3G04810.3,-0.074489431
AT1G75330.1,-0.092856421
AT2G23390.2,-0.221445463
AT1G74050.1,-0.050749863
AT1G32760.1,-0.186133081
AT3G00540.1,-0.244239892
AT4G20150.1,-0.137408315
AT3G49410.2,-0.281991778
AT2G37290.2,-0.272616946
AT1G08547.1,-0.264186087
AT1G28870.1,-0.283894326
AT3G44117.1,-0.158840905
AT4G00780.1,-0.206087382
AT4G35810.2,-0.212809437
AT5G05870.1,-0.150750646
AT4G03113.1,-0.227894176
AT1G63570.2,-0.240785924
AT2G19825.1,-0.266470017
AT1G37035.1,-0.180897209
AT5G36260.1,-0.186803929
AT4G33160.2,-0.300208939
AT1G65870.1,-0.098629594
AT4G00270.1,-0.126988743
AT5G62880.2,-0.182212673
AT1G55205.1,-0.416287542
AT1G23201.2,-0.179524698
AT5G18450.1,-0.167094837
AT1G42700.1,-0.155312513
AT1G21310.1,-0.199803537
AT2G36540.1,-0.152646171
AT1G45215.1,-0.234327574
AT1G05103.1,-0.056762521
AT3G15360.1,-0.064089666
AT1G09140.3,-0.071339144
AT4G13560.1,-0.106953542
AT3G03000.1,-0.211861083
AT1G22970.2,-0.294212641
AT5G67320.1,-0.183416073
AT2G02710.4,-0.098792242
AT3G59030.1,-0.201764719
AT1G06613.1,-0.24709317
AT1G19740.1,-0.182128679
AT2G26480.1,-0.108706846
AT1G24010.1,-0.147804526
AT5G06940.1,-0.206813639
AT1G56300.1,-0.062200075
AT5G65730.1,-0.061797691
AT1G75070.1,-0.158138326
AT3G60760.1,-0.149805771
AT1G08660.2,-0.060348572
AT2G02650.1,-0.207179152
AT1G05627.1,-0.292705161
AT4G27990.1,-0.229079258
AT4G36860.2,-0.078454702
AT3G47470.1,-0.17100848
AT2G14610.1,-0.105296488
AT4G37410.1,-0.184428972
AT4G24150.3,-0.232391762
AT3G06575.1,-0.172131679
AT5G06260.1,-0.206422259
AT3G15980.4,-0.142931273
AT4G18700.1,-0.09498775
AT1G17410.3,-0.274625365
AT5G07175.1,-0.08120652
AT5G50915.4,-0.139665402
AT5G49760.1,-0.187298088
AT4G20600.1,-0.36407948
AT3G17520.1,-0.163829745
AT4G37650.1,-0.059203578
AT3G42622.1,-0.176783611
AT3G33133.1,-0.25165294
ATMG09720.1,-0.134159768
AT5G59830.3,-0.288047004
AT1G14010.1,-0.156719164
AT3G06950.1,-0.17891493
AT1G26300.2,-0.077771604
AT5G35340.1,-0.193272517
AT1G04487.1,-0.125751452
AT2G13965.1,-0.115331188
AT3G08200.1,-0.182939443
AT3G47780.1,-0.196798299
AT2G32273.1,-0.23927899
AT2G43450.1,-0.093341545
AT2G24255.1,-0.100655719
AT2G25240.1,-0.210100695
AT1G01530.1,-0.068898466
AT4G00040.1,-0.115275832
AT4G06485.1,-0.137122836
AT1G24000.1,-0.146928853
AT5G03200.1,-0.164551426
AT3G30751.1,-0.151389213
AT5G54070.1,-0.093098599
AT3G20840.1,-0.089223537
AT2G01818.1,-0.174397293
AT5G14260.1,-0.102028064
AT2G45970.1,-0.089825472
AT1G63540.1,-0.151353502
AT1G47570.1,-0.071020913
AT5G32267.1,-0.142590677
AT1G11265.1,-0.250182045
AT3G22010.1,-0.216024551
AT1G14518.1,-0.113692445
AT3G42656.1,-0.184187656
AT3G15900.1,-0.118769094
AT1G04883.1,-0.108865501
AT3G29618.1,-0.169750128
AT4G07840.1,-0.544686115
AT3G53520.1,-0.129037966
AT5G53900.1,-0.189292586
AT2G42455.1,-0.094948966
AT1G15050.1,-0.133769893
AT5G37170.2,-0.273327609
AT5G26270.2,-0.065186985
AT3G48490.1,-0.437222961
AT5G33624.1,-0.186364743
AT3G25880.1,-0.107339552
AT3G11810.1,-0.14731991
AT3G29105.1,-0.137534548
AT4G06654.1,-0.265136515
AT2G24681.1,-0.186435851
AT5G58510.1,-0.334057217
AT1G72030.1,-0.269693534
AT5G53270.1,-0.089220312
AT3G58410.1,-0.167505737
AT1G52850.1,-0.073111404
AT1G14300.2,-0.09729467
AT1G24580.1,-0.105687948
AT3G57200.2,-0.189330968
AT2G34480.2,-0.229596478
AT3G13500.1,-0.21197412
AT1G44160.1,-0.116899931
AT2G45560.1,-0.15791181
AT3G15610.1,-0.237787186
AT5G07385.1,-0.096161996
AT5G63160.3,-0.098396379
AT5G18300.1,-0.209115653
AT5G33370.1,-0.122855032
AT4G16480.1,-0.250665498
AT1G65470.1,-0.171872355
AT5G62740.1,-0.184572619
AT5G54830.1,-0.209729905
AT5G32228.1,-0.162612641
AT2G09850.1,-0.187911882
AT1G13470.1,-0.167737394
AT2G03934.1,-0.076875472
AT5G25450.1,-0.186028941
AT5G37473.1,-0.188830438
AT4G21170.1,-0.37933957
AT3G58230.1,-0.098551129
AT1G69000.1,-0.201705883
AT1G53470.1,-0.270398158
AT3G33075.1,-0.077600046
AT3G08835.1,-0.085388619
AT5G52045.1,-0.142677171
AT3G08545.1,-0.165649294
AT5G24800.1,-0.228930652
AT2G18890.3,-0.059139055
AT1G20400.1,-0.225976726
AT1G26540.1,-0.229246954
AT3G24093.1,-0.217492701
AT5G07520.1,-0.15839262
AT3G22053.1,-0.123801459
AT1G46554.1,-0.201068861
AT3G17765.1,-0.085812005
AT5G15070.3,-0.106257067
AT5G50640.1,-0.211109789
AT1G09215.1,-0.140382134
AT5G44283.1,-0.110189172
AT3G60980.1,-0.095925664
AT3G46240.1,-0.108513528
AT1G61200.1,-0.136351317
AT5G15980.1,-0.21988203
AT1G71720.1,-0.092807343
AT1G33980.1,-0.164777311
AT2G22780.1,-0.191617053
AT5G07505.1,-0.079704262
AT5G50770.1,-0.213848165
AT4G07810.1,-0.109506124
AT3G54160.1,-0.195830669
AT1G72050.4,-0.109198191
AT1G77520.1,-0.222977641
AT1G51402.1,-0.051785293
AT5G35900.1,-0.140568476
AT1G47630.1,-0.222509393
AT3G11964.2,-0.233867625
AT4G18450.1,-0.105453272
AT1G12672.2,-0.243400828
AT2G21910.1,-0.175363153
AT5G04480.1,-0.211881612
AT2G28420.1,-0.097464246
AT1G07873.1,-0.133617321
AT4G34020.1,-0.231237924
AT3G61750.2,-0.213403287
AT3G30370.1,-0.143226725
AT4G06699.1,-0.115591516
AT3G04090.1,-0.056695698
AT1G58090.1,-0.158610752
AT5G07270.1,-0.14537536
AT5G02315.1,-0.259568204
AT3G43610.2,-0.06824262
AT4G36945.1,-0.225900478
AT3G01320.1,-0.088805617
AT2G08385.1,-0.387347334
AT5G05835.1,-0.071834883
AT3G02985.1,-0.146808517
AT2G09910.1,-0.216669304
AT1G14800.1,-0.130342784
AT3G44380.1,-0.109830767
AT1G12930.1,-0.432539379
AT5G43770.1,-0.078034741
AT5G10450.3,-0.1731995
AT3G42313.1,-0.123994263
AT2G31957.1,-0.063111566
AT4G39150.3,-0.220993633
AT5G20820.1,-0.081853281
AT2G05280.1,-0.142278287
AT2G01470.1,-0.126193183
AT2G39375.1,-0.140606385
AT2G00600.1,-0.098115413
AT4G21540.1,-0.070551792
AT1G04293.1,-0.22180853
AT5G06230.1,-0.229526685
AT4G02100.1,-0.090698461
AT3G08330.1,-0.170149391
AT4G13572.1,-0.054331943
AT2G13463.1,-0.141525637
AT4G06015.1,-0.187015487
AT1G18460.1,-0.175177788
AT3G05925.1,-0.087653656
AT2G02061.1,-0.156128041
AT1G27100.1,-0.164554084
AT3G05930.1,-0.352963163
AT1G31040.1,-0.094043062
AT4G24020.1,-0.198452732
AT4G05000.3,-0.079924152
AT2G21920.1,-0.18348715
AT5G66790.1,-0.06691251
AT3G15570.1,-0.123264439
AT1G05077.1,-0.104325443
AT5G61450.1,-0.15605616
AT4G39345.1,-0.066448339
AT3G18790.1,-0.186144868
AT1G08057.1,-0.382272445
AT4G05800.1,-0.08788018
AT2G10600.1,-0.062363962
AT5G28482.1,-0.135198352
AT2G03940.1,-0.220473619
AT5G40620.1,-0.228251809
AT1G71250.1,-0.600596078
AT3G30520.1,-0.608802132
AT3G33004.1,-0.211297473
AT3G24350.1,-0.189138171
AT2G15250.1,-0.195053026
AT3G28720.2,-0.217970932
AT2G29940.1,-0.133734719
AT5G39750.1,-0.328013165
AT1G51890.2,-0.157970849
AT1G02640.1,-0.080223259
AT3G22200.2,-0.064357409
AT5G44280.1,-0.230671079
AT4G36020.2,-0.091750043
AT2G27600.1,-0.232004881
AT1G36710.1,-0.139114988
AT1G54095.1,-0.357080913
AT1G52220.4,-0.184203768
AT5G55508.1,-0.153032452
AT1G80140.1,-0.142313895
AT4G04415.1,-0.12900346
AT1G06430.2,-0.172989549
AT3G42924.1,-0.17129266
AT1G77390.1,-0.138889425
AT3G62960.1,-0.082552189
AT1G33355.1,-0.084359665
AT2G09650.1,-0.122108987
AT3G55430.1,-0.063965657
AT1G06880.1,-0.127465119
AT4G28040.4,-0.202692495
AT1G34480.1,-0.215989294
AT5G00430.1,-0.193647876
AT2G13820.2,-0.251837544
AT5G28140.1,-0.177321154
AT1G31630.1,-0.190680991
AT1G27390.2,-0.186042883
AT5G25130.1,-0.128017173
AT3G43622.1,-0.055064317
AT5G18633.1,-0.155212733
AT1G61732.1,-0.240199723
AT5G27930.3,-0.102054523
AT1G53050.1,-0.120271519
AT3G09162.1,-0.082997619
AT1G53400.1,-0.125755569
AT3G09435.1,-0.085748677
AT3G44935.1,-0.318521796
AT1G39070.1,-0.208062371
AT5G07255.1,-0.210663484
AT4G18670.1,-0.098528102
AT5G54110.2,-0.193024191
AT1G45244.1,-0.092833744
AT1G20620.4,-0.102190635
AT2G29580.1,-0.127188275
AT3G03430.1,-0.063614151
AT3G55440.1,-0.053546448
AT1G34120.1,-0.090486638
AT5G48270.1,-0.085331522
AT1G17120.1,-0.145908424
AT3G44274.1,-0.20665698
AT2G08870.1,-0.263275995
AT4G07941.1,-0.255166666
AT2G21290.1,-0.158615674
AT4G29654.1,-0.068237827
AT3G31945.1,-0.172060974
AT1G09043.1,-0.1062295
AT4G11200.1,-0.139473771
AT4G23440.2,-0.383181151
AT2G12450.1,-0.143900432
AT4G01020.1,-0.090062323
ATCG00140.1,-0.243313508
AT5G20770.1,-0.117453656
AT5G13220.6,-0.108226907
AT4G25790.1,-0.163039648
AT1G76780.2,-0.076531282
AT1G68460.1,-0.105332963
AT5G24352.2,-0.187679987
AT1G66360.1,-0.168003396
AT3G02845.1,-0.138119736
AT1G27880.2,-0.256028291
AT4G16920.2,-0.36846912
AT3G03828.1,-0.183146962
AT3G62370.1,-0.079960291
AT2G33320.1,-0.250191336
AT2G13580.1,-0.239441324
AT2G08570.1,-0.093665751
AT2G40475.1,-0.292460803
AT1G69660.1,-0.23758274
AT2G32785.1,-0.159674928
AT2G37720.1,-0.1686472
AT4G08120.1,-0.256502885
AT4G33370.1,-0.23916004
AT2G22040.1,-0.218609681
AT5G17330.1,-0.160515976
AT4G24977.1,-0.226369045
AT1G30750.1,-0.185399728
AT5G57655.2,-0.129945804
AT1G14990.1,-0.24412599
AT4G17616.1,-0.068560246
AT2G31260.1,-0.167370604
AT1G26515.1,-0.122495736
AT3G43151.1,-0.136716266
AT1G71980.1,-0.230733619
AT2G27820.1,-0.205141143
AT1G36650.1,-0.172806885
AT5G02615.1,-0.170120951
AT5G16290.1,-0.160256474
AT1G63130.1,-0.183493083
AT5G60120.3,-0.147198738
AT5G57520.1,-0.17515082
AT2G35090.1,-0.206135836
ATCG00980.1,-0.21960182
AT5G24660.1,-0.087752328
AT1G10400.1,-0.325749769
AT5G42900.2,-0.225652283
AT1G24807.1,-0.064226326
AT2G05470.1,-0.054938995
AT4G37520.1,-0.164609756
AT2G34420.1,-0.140141505
AT3G09290.1,-0.16393553
AT3G49850.2,-0.272584704
AT4G39610.1,-0.131402642
AT5G01300.2,-0.21006949
AT2G06190.1,-0.144169121
AT3G48350.1,-0.127007048
AT1G13448.1,-0.086889237
AT3G01225.1,-0.170928493
AT4G40085.1,-0.09426616
AT5G57820.1,-0.085511773
AT5G49746.1,-0.064884823
AT1G16310.1,-0.197119552
AT5G58820.1,-0.084616692
AT2G10608.1,-0.208462164
AT2G26610.1,-0.060909263
AT3G54750.3,-0.066318675
AT1G21835.1,-0.197163918
AT5G46490.3,-0.164140614
AT5G17830.2,-0.24777628
AT4G15480.1,-0.114562207
AT5G11720.1,-0.193009606
AT3G57480.1,-0.180216642
AT4G24265.2,-0.218783125
AT5G17680.2,-0.194176656
AT3G33572.1,-0.152736466
AT1G16130.1,-0.161405874
AT1G68920.1,-0.182186265
AT4G33925.1,-0.260920267
AT2G31981.1,-0.112115385
AT3G30831.1,-0.188958639
AT3G32377.1,-0.183855468
AT4G19865.1,-0.101187817
AT3G45540.1,-0.203980637
AT5G04405.1,-0.089650079
AT5G04937.1,-0.093509139
AT1G18320.1,-0.202917196
AT5G67400.1,-0.062730781
AT5G63790.1,-0.22334152
AT3G05480.1,-0.184757798
AT4G05680.1,-0.164364984
AT5G19330.1,-0.245582446
AT1G59600.1,-0.180785364
AT3G14180.1,-0.185295709
AT1G10960.1,-0.108320323
AT2G38210.1,-0.169304245
AT1G20940.1,-0.08887673
AT5G13780.1,-0.224393823
AT1G60600.2,-0.093227134
AT3G15960.1,-0.148258973
AT2G14595.1,-0.096727932
AT2G11440.1,-0.179412233
AT1G72910.1,-0.172880294
AT2G37820.1,-0.134207528
AT1G80040.4,-0.182496649
AT1G78230.1,-0.204139194
AT2G10617.1,-0.154361038
AT1G57530.1,-0.103844774
AT5G36500.1,-0.078894863
AT1G46912.1,-0.116801433
AT4G31351.1,-0.306444352
AT2G08745.1,-0.104675486
AT3G27140.1,-0.125073684
AT1G72790.1,-0.227907247
AT4G08871.1,-0.09026794
AT5G53150.3,-0.20412392
AT2G38040.1,-0.253748934
AT4G29820.1,-0.151500227
AT1G09677.1,-0.202406127
AT1G36406.1,-0.111212814
AT4G20690.1,-0.087018001
AT3G21352.1,-0.196535543
AT5G19875.1,-0.128666351
AT1G29390.2,-0.161049859
AT3G02420.2,-0.134104278
AT5G02665.1,-0.15913396
AT1G12294.1,-0.178506673
AT3G44750.1,-0.178006001
AT4G14770.2,-0.278465104
AT4G20050.4,-0.117609263
AT1G09983.1,-0.086111387
AT2G09755.1,-0.214662811
AT5G45576.1,-0.168266107
AT3G01105.1,-0.253992468
AT1G69770.1,-0.200963673
AT3G28930.2,-0.450062332
AT1G18871.1,-0.176901306
AT1G21610.4,-0.215324786
ATMG00440.1,-0.106810836
AT1G09795.1,-0.1830629
AT3G04860.1,-0.150758846
AT1G09307.1,-0.21013929
AT1G53645.1,-0.216300228
AT4G34750.1,-0.189624135
AT1G35790.1,-0.064754204
AT2G04935.1,-0.247883794
AT1G06117.1,-0.301973427
AT2G28520.1,-0.244453221
AT2G16580.1,-1.03636535
AT4G26365.1,-0.198876217
AT5G04347.2,-0.244648966
AT4G02930.1,-0.336054822
AT1G04570.1,-0.273622425
AT2G04375.1,-0.19567607
AT2G03300.1,-0.391959129
AT2G35610.1,-0.095555751
AT1G04640.2,-0.122087335
AT2G12750.1,-0.17479383
AT1G15500.1,-0.214341124
AT3G44230.1,-0.308688123
AT3G28680.1,-0.056670962
AT3G14400.1,-0.132283343
AT5G32613.1,-0.060232297
AT1G53890.4,-0.079066139
AT1G36310.2,-0.239698153
AT2G13970.1,-0.084386691
AT2G28350.1,-0.198616074
ATMG09830.1,-0.220166256
AT3G08650.1,-0.262599561
AT2G36200.1,-0.190297396
AT2G45760.1,-0.163131886
AT5G07540.1,-0.162623853
AT1G36370.1,-0.107882144
AT3G30817.1,-0.124272408
AT2G24800.1,-0.092470639
AT5G12236.1,-0.053560796
AT1G08933.1,-0.113091514
AT3G51150.2,-0.116690845
AT1G18200.1,-0.193746972
AT3G12080.1,-0.184621212
AT3G11470.4,-0.104302163
AT4G07686.1,-0.254506207
AT2G34870.1,-0.110776711
AT1G48310.1,-0.152127523
AT5G04935.1,-0.239507499
AT5G38050.1,-0.238735824
AT2G43330.1,-0.467367574
AT2G10180.1,-0.176950969
AT3G02820.2,-0.165465358
AT2G36895.3,-0.218829349
AT5G42830.1,-0.154167156
AT1G73120.1,-0.095733613
AT5G59020.1,-0.102440256
AT3G08595.1,-0.171368201
AT1G64750.3,-0.124674162
AT4G10780.2,-0.259522985
AT5G24490.1,-0.195134466
AT3G44260.1,-0.129834446
AT4G17090.1,-0.151415681
AT5G48860.1,-0.174923151
AT4G18640.1,-0.142762029
AT3G43580.1,-0.082927458
AT3G32070.1,-0.068647832
AT3G45245.1,-0.091768922
AT1G49440.1,-0.109322955
AT2G07645.1,-0.192663397
AT3G52230.1,-0.208791175
AT1G80330.1,-0.192794462
AT2G36305.2,-0.20627464
AT1G01160.2,-0.120050816
AT1G70210.1,-0.055291559
AT1G30757.2,-0.091093544
AT5G57010.1,-0.158402586
AT3G25610.1,-0.071773641
AT1G69090.1,-0.150421945
AT5G03405.1,-0.236864243
AT2G13260.1,-0.114425064
AT1G11690.1,-0.104172591
AT3G29370.1,-0.223617425
AT5G19700.1,-0.056408147
AT1G20270.2,-0.086862148
AT3G55370.3,-0.108027081
AT2G21500.2,-0.272682674
AT2G36010.2,-0.183293534
AT2G42000.2,-0.121475422
AT1G18340.1,-0.137624133
AT4G14140.1,-0.210900938
AT4G31740.1,-0.200964773
AT5G46160.1,-0.204611219
AT3G03345.1,-0.158810605
AT2G10610.1,-0.181369275
AT2G28780.1,-0.184787445
AT2G38970.1,-0.485132377
AT1G39590.1,-0.102631286
AT4G30740.1,-0.575471117
AT3G32445.1,-0.143647739
ATCG00180.1,-0.316738783
AT1G54680.1,-0.113071253
AT5G47580.1,-0.067715384
AT1G56210.1,-0.08723323
AT4G17610.2,-0.180771101
AT5G25020.1,-0.114144535
AT5G28580.2,-0.198901527
AT1G04343.1,-0.149045783
AT4G13455.1,-0.060708258
AT1G42280.1,-0.084365116
AT1G35780.2,-0.151724788
AT3G55600.2,-0.149779135
AT4G10345.1,-0.212112404
AT3G43291.1,-0.213124048
AT3G59530.3,-0.071482816
AT1G69380.1,-0.130911394
AT5G48605.1,-0.057030894
AT3G06035.1,-0.331225513
AT5G57060.3,-0.096373992
AT5G51110.1,-0.058055496
AT1G77010.1,-0.120988921
AT1G07170.3,-0.153787094
AT3G05760.1,-0.142545052
AT5G01880.1,-0.186597533
AT5G08310.1,-0.078679893
AT2G48120.1,-0.070278872
AT5G52600.1,-0.099995206
AT5G43070.1,-0.179575868
AT1G32520.1,-0.199751223
AT5G47590.2,-0.536423458
AT3G13225.1,-0.127650345
AT5G33256.1,-0.215671135
AT3G28430.1,-0.076916984
AT2G03905.1,-0.17317202
AT3G28715.1,-0.170207916
AT5G01345.1,-0.122963947
AT5G02550.1,-0.25388546
AT3G06500.2,-0.0969071
AT1G37036.1,-0.097914105
AT2G40490.1,-0.196309276
AT5G14230.1,-0.119610655
AT5G13420.1,-0.085064902
AT2G07420.1,-0.140138767
AT5G23908.1,-0.074222991
AT2G23580.1,-0.378162012
AT3G60390.1,-0.231351676
AT5G27765.1,-0.322955471
AT5G46025.1,-0.051270429
AT5G05520.1,-0.153405059
AT1G36530.1,-0.11864951
AT3G08915.1,-0.247182749
AT1G01695.1,-0.10808445
AT1G15380.1,-0.175933475
AT4G36850.2,-0.109151824
AT5G54540.1,-0.172342688
AT5G54740.1,-0.217312426
AT2G38620.1,-0.187559198
AT4G09225.1,-0.24881771
AT3G08905.1,-0.1318332
AT4G08872.1,-0.196000701
AT3G57900.1,-0.166793076
AT1G40112.1,-0.087106782
AT5G10590.1,-0.140262497
AT3G09950.1,-0.095418172
AT1G11160.3,-0.108300919
AT5G09755.1,-0.080629756
AT3G59830.1,-0.136443676
AT5G61640.2,-0.206372984
AT3G26235.1,-0.062774008
AT1G15260.1,-0.056800894
AT1G50470.1,-0.14467745
AT3G43680.1,-0.136415818
AT3G58470.1,-0.136971022
AT5G55150.1,-0.070343569
AT2G13542.1,-0.136149154
AT5G59280.1,-0.099315224
AT5G24260.2,-0.209380235
AT1G54980.1,-0.199804674
AT3G30350.2,-0.12051778
AT5G16810.2,-0.12964635
AT2G14290.1,-0.182134416
AT1G34800.1,-0.163678421
AT5G16650.2,-0.112000949
AT5G03440.3,-0.159543004
AT5G05480.1,-0.178265803
AT5G28160.1,-0.214535429
AT1G17720.2,-0.155391474
AT4G24710.2,-0.167939926
AT2G04340.1,-0.0743758
AT4G11402.1,-0.235242867
AT5G32423.1,-0.210846178
AT2G46650.1,-0.148458719
AT5G26610.2,-0.193287768
AT5G12470.1,-0.192591912
AT2G07827.2,-0.197533549
AT3G26818.1,-0.197607571
AT3G05850.1,-0.116225788
AT5G09470.1,-0.078860175
AT5G61060.1,-0.076832062
AT5G56365.1,-0.150700672
AT3G03960.1,-0.233130132
AT5G27450.2,-0.190796707
AT1G07543.1,-0.164934054
AT2G09845.1,-0.236999584
AT3G46230.1,-0.212101592
AT2G32350.1,-0.202579666
AT4G06585.1,-0.219013841
AT1G65032.1,-0.166282732
AT5G62090.1,-0.083796111
AT5G32125.1,-0.150275274
AT4G08505.1,-0.162968566
AT1G15170.1,-0.136994565
AT1G54650.2,-0.133647665
AT1G09280.1,-0.158774431
AT2G15750.1,-0.086921073
AT1G51805.1,-0.161242313
AT5G54690.1,-0.202679489
AT1G33102.1,-0.17416628
AT2G04900.1,-0.122678453
AT5G32875.1,-0.094549174
AT3G59150.1,-0.195929333
AT2G07673.1,-0.182991145
AT4G11745.1,-0.223912556
AT4G12950.1,-0.324403092
AT3G56410.1,-0.21185304
AT3G30440.1,-0.203750982
AT2G20840.2,-0.051472449
AT3G23680.1,-0.126289277
AT2G08780.1,-0.090768086
AT4G24830.1,-0.086480097
AT2G38080.1,-0.246552044
AT2G42388.1,-0.057274906
AT1G06790.2,-0.198562046
AT5G09475.1,-0.209274578
AT5G28885.1,-0.216120629
AT4G28180.1,-0.16660217
AT1G21830.1,-0.121837937
AT5G48335.1,-0.119477695
AT1G26190.2,-0.138034752
AT3G02605.1,-0.076574944
AT1G05540.2,-0.092577825
AT3G60955.2,-0.128201579
AT3G10020.1,-0.157289641
AT1G73810.1,-0.33681061
AT4G13950.1,-0.134941395
AT1G44970.1,-0.15932813
AT3G05295.1,-0.201156865
AT5G44306.1,-0.267256722
AT1G60500.1,-0.162926135
AT1G30590.2,-0.117305939
AT5G03630.1,-0.258510335
AT4G17450.1,-0.162994655
AT3G24575.1,-0.280901805
AT1G79530.1,-0.408602046
AT1G29290.1,-0.278467868
AT5G06190.2,-0.0784917
AT4G25210.1,-0.167003485
AT5G20225.1,-0.217581128
AT2G23140.3,-0.136554669
AT1G12667.1,-0.123067826
AT1G16180.1,-0.171107765
AT4G03505.1,-0.070267474
AT1G69470.1,-0.096576472
AT2G33720.1,-0.264268596
AT1G06133.1,-0.136831467
AT1G19380.1,-0.195355815
AT5G51500.1,-0.321527335
AT5G16550.1,-0.136541997
AT1G63830.4,-0.099351119
AT2G12130.1,-0.071593431
AT1G53920.1,-0.284698867
AT3G21700.3,-0.150634005
AT1G05927.1,-0.20746781
AT4G36990.1,-1.143143348
AT1G50700.1,-0.144858699
AT2G46800.3,-0.141113016
AT1G67580.1,-0.300208293
AT4G10120.3,-0.457039693
AT5G31873.1,-0.177892266
AT2G08945.1,-0.075276908
ATCG00210.1,-0.18809183
AT1G63730.1,-0.107653228
AT1G33590.2,-0.095428145
AT3G32385.1,-0.224060299
AT3G04345.1,-0.104721046
AT4G14930.2,-0.108132857
AT1G63270.1,-0.128191733
AT3G47050.1,-0.15375129
AT2G17972.1,-0.088464515
AT3G44730.2,-0.316884894
AT2G09060.1,-0.111795888
AT4G04450.2,-0.242878088
AT3G42837.1,-0.148842006
AT1G53360.2,-0.067795038
AT2G19840.1,-0.063085075
AT5G53500.1,-0.255891482
AT3G52290.1,-0.06653814
AT3G28180.1,-0.099699306
AT5G42232.1,-0.087591314
AT1G22400.1,-0.185232865
AT5G12210.1,-0.263564014
AT1G79760.2,-0.273477082
AT4G24240.2,-0.63951543
AT4G12240.1,-0.135327736
AT3G44800.1,-0.080758573
AT2G14330.1,-0.204351485
AT1G16070.1,-0.151609758
AT2G42560.1,-0.121183581
AT4G09035.1,-0.171035937
AT5G19200.1,-0.225097234
AT2G07085.1,-0.109965492
AT3G27095.1,-0.136545495
AT1G62610.4,-0.170545887
AT1G34790.1,-0.127730654
AT1G01335.1,-0.190949573
AT2G10560.1,-0.314227314
AT1G22220.1,-0.27803747
AT2G45135.2,-0.160348894
AT1G65342.1,-0.172962106
AT3G32240.1,-0.146826913
AT5G14520.1,-0.194907616
AT4G03250.1,-0.085073699
AT1G02560.1,-0.202435566
AT5G35341.1,-0.117834819
AT1G44020.1,-0.151580689
AT3G24225.1,-0.142406035
AT4G28110.2,-0.251636082
AT1G50160.1,-0.456682294
AT1G06043.1,-0.192184089
AT4G14190.1,-0.215377293
AT1G35610.1,-0.22388167
AT3G46640.2,-0.175105393
AT3G54420.1,-0.231155421
AT3G17480.1,-0.125781799
AT4G06040.1,-0.160981468
AT1G71100.1,-0.071444928
AT1G78270.1,-0.364062714
AT2G43160.1,-0.120966656
AT2G02860.1,-0.083378087
AT3G26050.1,-0.222329606
AT4G29060.1,-0.169720125
AT3G47380.1,-0.362264869
AT5G57290.1,-0.162208358
AT3G32116.1,-0.167501475
AT3G16770.1,-0.404449057
AT3G46183.1,-0.190856467
AT2G46840.1,-0.225718504
AT3G61270.2,-0.054216946
AT2G45690.1,-0.26279069
AT2G17080.1,-0.322678938
AT1G79790.4,-0.252556805
AT5G28440.1,-0.197626241
AT1G12490.1,-0.099906739
AT3G52440.2,-0.103841339
AT5G32306.1,-0.166933781
AT1G34030.1,-0.204555821
AT5G58380.1,-0.242713714
AT2G24150.1,-0.141113303
AT1G59880.1,-0.106399916
AT4G13555.1,-0.115255832
AT5G22560.1,-0.073375454
AT5G39785.3,-0.207412105
AT4G20490.1,-0.363692598
AT5G12060.1,-0.133980973
AT1G71340.1,-0.102674357
AT4G26680.1,-0.262824354
AT1G27480.1,-0.213648186
AT1G28140.1,-0.108046402
AT5G17790.1,-0.066328985
AT3G52075.1,-0.078240037
AT5G36658.1,-0.085531826
AT5G14990.1,-0.067368227
AT1G07357.1,-0.0777837
AT4G30067.1,-0.165331828
AT3G32898.1,-0.098879204
AT2G22121.1,-0.185425585
AT5G23410.1,-0.193860113
AT3G21950.2,-0.104320226
AT3G16090.1,-0.061311613
AT1G77310.1,-0.129116992
AT2G27140.1,-0.136545067
AT1G43090.1,-0.213466402
AT2G38420.1,-0.21158928
AT1G25425.1,-0.423627118
AT1G74090.1,-0.128364187
AT1G09812.1,-0.076520534
AT2G24110.1,-0.20549658
AT5G19485.1,-0.108722059
AT5G22799.1,-0.241555906
AT5G24550.1,-0.204075254
AT5G58560.1,-0.116445868
AT3G15280.1,-0.191669879
AT3G44425.1,-0.06696397
AT4G39050.1,-0.142298034
AT2G10400.1,-0.200385741
AT3G31358.1,-0.081176088
AT5G42370.2,-0.136328432
AT3G33058.1,-0.121568488
AT1G80850.1,-0.086327786
AT3G14500.1,-0.173641865
AT2G19820.1,-0.104572198
AT3G59590.1,-0.125474219
AT5G47630.2,-0.267862993
AT5G14440.1,-0.182375208
AT2G31920.1,-0.08605166
AT3G61050.2,-0.103795423
AT4G20920.2,-0.185164324
AT5G35160.4,-0.267289068
AT1G51230.1,-0.06592262
AT3G08700.1,-0.152914167
AT5G14530.1,-0.289081767
AT5G62830.1,-0.127668325
AT5G36300.2,-0.137293007
AT1G32050.1,-0.20369989
AT1G09740.1,-0.155973404
AT4G16230.1,-0.207413431
AT5G33441.1,-0.061460158
AT1G07500.1,-0.141754338
AT1G54560.2,-0.437563234
AT4G30975.2,-0.105385603
AT2G20835.1,-0.139935342
AT1G09685.2,-0.149945136
AT2G01330.1,-0.228839672
AT5G49610.1,-0.05018485
AT5G20660.1,-0.341823885
AT5G00425.1,-0.20585818
AT4G27430.1,-0.27380554
AT2G27145.1,-0.365383813
AT2G15012.1,-0.100117694
AT1G69252.1,-0.347902124
AT3G20670.1,-0.114058163
AT2G40116.1,-0.146412842
AT5G01265.1,-0.063366284
AT1G55460.1,-0.113341459
AT2G18900.1,-0.093913484
AT5G40560.1,-0.054118981
AT4G25100.4,-0.177211963
AT3G08455.1,-0.121916069
AT3G01680.1,-0.109089284
AT1G66440.1,-0.158969644
AT5G28993.1,-0.180664047
AT1G50130.1,-0.26278914
AT3G13065.1,-0.253775693
AT3G48220.1,-0.208748164
AT3G18200.2,-0.082886495
AT5G61740.1,-0.131343396
AT2G46200.3,-0.10490074
AT1G26800.1,-0.106259583
AT4G38010.1,-0.162794565
AT1G07200.2,-0.097904172
AT1G53820.1,-0.268134169
AT1G51900.1,-0.292010101
AT1G32020.1,-0.195654908
AT1G20710.1,-0.166473447
AT1G56570.2,-0.152564936
AT3G14010.5,-0.196790716
AT3G42471.1,-0.200096089
AT4G02020.3,-0.130005304
AT3G60805.1,-0.146535606
AT2G14990.1,-0.150954047
AT1G57280.1,-0.092875604
AT1G63220.1,-0.171884514
AT2G03340.1,-0.074289341
AT5G50870.1,-0.13269002
AT3G49832.2,-0.221040279
AT5G34850.1,-0.195653967
AT1G42745.1,-0.136202736
AT1G32928.1,-0.099427804
AT3G29820.1,-0.144530421
AT5G28785.1,-0.067528304
AT4G38213.1,-0.072186959
AT2G41040.1,-0.283975565
AT4G13010.1,-0.210639154
AT5G26950.1,-0.078214149
AT5G65600.1,-0.380842507
AT5G19740.1,-0.08371383
AT5G62580.1,-0.303056068
AT3G30837.1,-0.113729287
AT2G34925.1,-0.10048341
AT3G49200.1,-0.380046872
AT5G56820.1,-0.228104151
AT5G56490.1,-0.150048993
AT3G46050.1,-0.181398613
AT1G29590.1,-0.106920258
AT2G16740.1,-0.247492889
AT4G06526.1,-0.193990979
AT4G38780.1,-0.168484353
AT5G56670.1,-0.237826808
AT2G39950.3,-0.185949561
AT2G02020.1,-0.171974093
AT5G00675.1,-0.312980892
AT2G04265.1,-0.325188597
AT1G68960.2,-0.246441886
AT1G52087.1,-0.053509547
AT4G12930.1,-0.13525753
AT2G17060.2,-0.336282586
AT4G28890.1,-0.093901858
AT5G10870.1,-0.067341096
AT4G09143.1,-0.162408077
AT1G51540.1,-0.083029523
AT5G02495.1,-0.362448755
AT3G29764.1,-0.147180328
AT4G01520.1,-0.215374405
AT5G62162.1,-0.155147742
AT5G22210.2,-0.135947724
AT1G02920.1,-0.237740061
AT4G32760.3,-0.101694558
AT5G07355.1,-0.121236404
AT5G59090.1,-0.066382147
AT4G09452.1,-0.116990522
AT5G43340.1,-0.34633821
AT1G61880.1,-0.284600845
AT5G27390.2,-0.190939808
AT1G73240.1,-0.433947736
AT4G06835.1,-0.273174899
AT5G10270.1,-0.180364999
AT4G08475.1,-0.087123441
AT5G24590.2,-0.153150126
AT3G06960.2,-0.138970723
AT1G40105.1,-0.188788203
AT4G05585.1,-0.107038619
AT5G35270.1,-0.142251947
AT3G55512.1,-0.167643884
AT3G53300.1,-0.187579464
AT3G63270.1,-0.099699693
AT3G15111.1,-0.164491189
AT4G20800.1,-0.160978045
AT4G06440.1,-0.185401457
AT1G32585.1,-0.18313083
AT4G20200.1,-0.064567914
AT5G37640.1,-0.175976019
AT2G06885.1,-0.182380321
AT1G71780.1,-0.127805937
AT5G20720.3,-0.156423592
AT2G04450.1,-0.200385125
AT5G40220.1,-0.397826921
AT2G13570.1,-0.071643914
AT2G29550.1,-0.142847139
AT1G77540.1,-0.11011775
AT4G26300.1,-0.144982576
AT5G23230.1,-0.096964676
AT3G32060.1,-0.258091361
AT3G01655.1,-0.484219042
AT3G22234.1,-0.105238714
AT2G18030.1,-0.127596895
AT2G08210.1,-0.102707081
AT4G29560.1,-0.274495301
AT1G51530.2,-0.143720244
AT5G45570.2,-0.113097887
AT5G60880.2,-0.174466344
AT4G34460.2,-0.149827589
AT2G18550.1,-0.250138002
AT4G23515.2,-0.054868963
AT1G31460.1,-0.130721908
AT1G28860.1,-0.057287853
AT5G57220.1,-0.142049577
AT5G01650.3,-0.167378067
AT4G06474.1,-0.115307945
AT3G19360.2,-0.163530645
AT3G26910.3,-0.062372758
AT4G10690.1,-0.140031759
AT5G21910.1,-0.200577419
AT3G18260.1,-0.051754297
AT1G35550.1,-0.074681721
AT3G45770.1,-0.28093094
AT3G51270.1,-0.174242017
AT3G60965.1,-0.129052862
AT5G36775.1,-0.160901701
AT3G55890.2,-0.064699867
AT5G37040.1,-0.130294314
AT1G54530.1,-0.132864423
AT5G61530.4,-0.223411264
AT3G52040.1,-0.055948234
AT3G26630.1,-0.163190117
AT3G17330.1,-0.149434706
AT3G12670.1,-0.21234403
AT2G20190.1,-0.094325528
AT4G39030.1,-0.129405283
AT1G74310.1,-0.176767147
AT5G18840.1,-0.107747499
AT5G54340.1,-0.0551866
AT1G57200.1,-0.208091301
AT4G09470.1,-0.106919395
AT3G13670.1,-0.198509419
AT1G78160.2,-0.085045291
AT2G32140.1,-0.154832166
AT3G46484.1,-0.210556314
AT5G15745.1,-0.372377948
AT2G25340.1,-0.095592584
AT5G03715.1,-0.058571021
AT1G23590.2,-0.192190593
AT1G76990.3,-0.151486414
AT3G03065.1,-0.112266803
AT5G02760.1,-0.199237266
AT1G72930.1,-0.221881498
AT1G30600.1,-0.226001241
AT2G26460.1,-0.159435556
AT3G43490.1,-0.285349301
AT3G30340.1,-0.158979692
AT1G15940.1,-0.101118377
AT3G23820.1,-0.2639896
AT4G30310.4,-0.157293509
AT3G19940.1,-0.146428899
AT2G09290.1,-0.197002805
AT1G78810.3,-0.108455826
AT1G51120.1,-0.111851932
AT2G23530.1,-0.31053863
AT5G42340.1,-0.500619307
AT3G61690.2,-0.474340725
AT1G49010.1,-0.177395027
AT3G11690.1,-0.077889944
AT5G27882.1,-0.083104418
AT1G14220.1,-0.242925678
AT1G67210.3,-0.172631331
AT4G36980.2,-0.31277106
AT5G33381.1,-0.272856885
AT5G51600.1,-0.244393392
AT5G19800.1,-0.387719258
AT2G29280.3,-0.152341694
AT1G63500.1,-0.158049986
AT4G16807.1,-0.617310706
AT4G09420.1,-0.131672882
AT1G52010.1,-0.509502425
AT5G41560.2,-0.224614164
AT2G42890.2,-0.185149015
AT5G47077.1,-0.26492091
AT4G24840.1,-0.068366156
AT5G44250.1,-0.116368299
AT5G17640.1,-0.158653529
AT1G31330.1,-0.103816356
AT3G04120.1,-0.13866969
AT3G08235.1,-0.148185754
AT5G32950.1,-0.094578182
AT5G23630.1,-0.199980708
AT5G61580.1,-0.161527315
AT2G12465.1,-0.152464133
AT5G09555.1,-0.104426055
AT1G42610.1,-0.074793596
AT5G23590.1,-0.055436953
ATMG09440.1,-0.126171612
AT2G44650.1,-0.194605667
AT4G03039.1,-0.167484547
AT5G50780.2,-0.180618703
AT1G70410.3,-0.153198339
AT1G05065.1,-0.120010856
AT2G47100.1,-0.208153896
AT5G03725.1,-0.115958204
AT1G28930.1,-0.176544155
AT2G43930.2,-0.164469101
AT5G27760.2,-0.165747065
AT5G07740.1,-0.189030316
AT2G09640.1,-0.120822219
AT3G02775.1,-0.169719825
AT5G62180.1,-0.059059578
AT1G10865.1,-0.156149088
AT2G15890.1,-0.142433677
AT5G64060.1,-0.135156715
AT5G50510.1,-0.088486687
AT1G13270.1,-0.225773164
AT4G18860.1,-0.36463119
AT4G02735.1,-0.059421318
AT5G09790.1,-0.160393674
AT3G62120.3,-0.167131787
AT2G47460.1,-0.120178883
AT1G66940.3,-0.083472975
AT1G74290.1,-0.069462052
AT2G08845.1,-0.114919946
AT1G04907.1,-0.16009809
AT1G50180.1,-0.274698482
AT5G35555.1,-0.073611847
AT1G06130.1,-0.214415016
AT3G30830.1,-0.149612779
AT5G56440.1,-0.164144928
AT1G58684.1,-0.171808285
AT3G12960.1,-0.236420992
AT2G03480.3,-0.085902638
AT5G44780.1,-0.12785609
AT2G35570.1,-0.344604636
AT1G10500.1,-0.176060519
AT5G17230.3,-0.198585309
AT1G50670.1,-0.172531596
AT5G40440.2,-0.153366882
AT2G30260.2,-0.17097325
AT4G05097.1,-0.235913902
AT1G06937.1,-0.100034392
AT5G08300.1,-0.16289699
AT5G28020.1,-0.139629333
AT1G23620.1,-0.101338694
AT5G66640.3,-0.231863108
AT3G26390.1,-0.146438444
AT2G35280.1,-0.182779959
AT4G36890.1,-0.24537755
AT5G50320.1,-0.497842378
AT4G21070.1,-0.246359822
AT3G03900.2,-0.084597527
AT3G62040.1,-0.122267191
AT2G18560.1,-0.24480981
AT1G17180.1,-0.086474238
AT3G57645.1,-0.064390314
AT1G05673.1,-0.135380381
AT5G07455.1,-0.068040506
AT2G07737.1,-0.058432458
AT4G17850.1,-0.237603903
AT4G07585.1,-0.109877259
AT4G10320.1,-0.059736578
AT1G08523.1,-0.209549892
AT2G00650.1,-0.091256371
AT4G34570.2,-0.089577397
AT3G48300.2,-0.099401097
AT5G02890.1,-0.297078815
AT5G07820.1,-0.107019124
AT3G07730.1,-0.068784297
AT1G26180.2,-0.179198761
AT1G78940.3,-0.050272369
AT5G42825.1,-0.297492879
AT3G11440.2,-0.180390023
AT3G15940.2,-0.097745327
AT5G27160.1,-0.079977488
AT1G37110.1,-0.188997888
AT5G28260.1,-0.107273698
AT4G05073.1,-0.12956359
AT2G29570.1,-0.179869647
AT4G03125.1,-0.13057815
AT5G43170.1,-0.283640007
AT1G66245.1,-0.246706516
AT5G34856.1,-0.086255795
AT1G51520.1,-0.128491069
AT3G21450.1,-0.297467742
AT2G35650.2,-0.333880535
AT2G39230.1,-0.121063917
AT2G06550.1,-0.158831959
AT1G04540.1,-0.058591981
AT1G70000.1,-0.103690619
AT1G76260.1,-0.216840902
AT3G06325.1,-0.166461496
AT1G06360.2,-0.180273218
AT1G07513.1,-0.092431514
AT1G05603.1,-0.130785242
AT4G04500.3,-0.181088797
AT5G42310.1,-0.178636754
AT1G09647.1,-0.177257079
AT2G14350.1,-0.193790613
AT1G50050.2,-0.385810179
AT3G03995.1,-0.111055534
AT2G04560.1,-0.27647773
AT1G73480.1,-0.074083136
AT3G13677.2,-0.193590632
AT3G05060.1,-0.370150689
AT1G15530.1,-0.168597139
AT4G39400.1,-0.225460751
AT3G33011.1,-0.188950164
AT3G62610.1,-0.181410678
AT4G09310.1,-0.372548617
AT3G30820.1,-0.097726916
AT2G16410.1,-0.080913101
AT1G51840.2,-0.303636705
AT5G64040.1,-0.186764433
AT3G16850.1,-0.075490521
AT3G54770.3,-0.059780518
AT5G17380.1,-0.28284366
AT1G16445.1,-0.282215747
AT3G06085.1,-0.188487051
AT1G11560.1,-0.206915928
AT1G63960.2,-0.088793834
AT5G09795.1,-0.183871724
AT5G42530.1,-0.111639918
AT2G08100.1,-0.2071654
AT5G66607.1,-0.137880981
AT3G01740.1,-0.061881344
AT4G31650.2,-0.103081899
AT5G09995.3,-0.211049091
AT1G66740.1,-0.198574092
AT5G22570.1,-0.352355666
AT4G12270.1,-0.209915347
AT1G04773.1,-0.13412797
AT2G46680.1,-0.261222342
AT4G02485.2,-0.087275889
AT5G44290.3,-0.180644099
AT4G08825.1,-0.073632195
AT2G21160.1,-0.222122968
AT5G14760.1,-0.203420129
AT4G36970.1,-0.232356621
AT5G53830.1,-0.064569658
AT4G12230.1,-0.36111113
AT5G11530.2,-0.11341468
AT4G14510.1,-0.247795298
AT1G12040.1,-0.185641732
AT5G09360.1,-0.380572875
AT3G14050.1,-0.271115549
AT1G31210.1,-0.13353392
AT3G51420.1,-0.113516505
AT2G24060.1,-0.167907473
AT1G45904.1,-0.102425026
AT5G20430.1,-0.20852742
AT5G23650.1,-0.143416562
AT4G08975.1,-0.12019871
AT2G29925.1,-0.462498923
AT3G62528.1,-0.152377311
AT1G42210.1,-0.064207253
AT1G12150.2,-0.060244492
AT1G60930.1,-0.17266916
AT3G60240.3,-0.139933318
AT1G08857.1,-0.084094462
AT3G08940.2,-0.647026847
AT5G28100.1,-0.175913681
AT3G11960.3,-0.167097646
ATCG00750.1,-0.097490779
AT1G69670.1,-0.075198139
AT3G06180.1,-0.190112054
AT4G11230.1,-0.208049816
AT1G61390.2,-0.186223108
AT1G43330.1,-0.059725463
AT4G21280.1,-0.160422605
AT5G67265.1,-0.067792671
AT3G18220.1,-0.235856827
AT5G20165.3,-0.167409402
AT3G30250.1,-0.143692806
AT1G26976.1,-0.204205979
AT3G43850.2,-0.18305967
AT5G09925.1,-0.25381887
AT1G65365.1,-0.198229191
ATMG00080.1,-0.131088499
AT3G50925.1,-0.239220782
AT1G02820.1,-0.092109269
AT2G34980.1,-0.119928291
AT2G10555.1,-0.056201115
AT5G32293.1,-0.216227654
AT3G59415.1,-0.210644253
AT1G16380.1,-0.360457827
AT1G30400.2,-0.250171576
AT5G65370.1,-0.185252658
AT5G24870.2,-0.067003183
AT3G17600.1,-0.214995458
AT5G55400.1,-0.158667296
AT5G17140.1,-0.075647935
AT3G16030.3,-0.104253153
AT5G38660.1,-0.244331314
AT5G55610.2,-0.131444951
AT1G28400.1,-0.080374515
AT3G61430.1,-0.093262708
AT5G50020.3,-0.151682916
AT1G05127.1,-0.076365656
AT4G06742.1,-0.128467277
AT4G34120.1,-0.093486294
AT1G67240.1,-0.15064031
AT1G08370.1,-0.235306155
AT5G01940.2,-0.115804299
AT3G26230.1,-0.157115348
AT4G02800.1,-0.126650782
AT4G28480.1,-0.091883926
AT3G47150.1,-0.071163035
AT4G11470.2,-0.0813798
AT1G36770.1,-0.125017215
AT5G06310.1,-0.092807013
AT1G48095.1,-0.195276135
AT4G06815.1,-0.206544383
AT5G45560.2,-0.101032489
AT2G45890.1,-0.088894769
AT3G13432.1,-0.197985314
AT5G08375.1,-0.199210298
AT1G09745.1,-0.183041993
AT4G18170.1,-0.217654554
AT3G01545.1,-0.148705394
AT3G06045.1,-0.13772931
AT2G19802.1,-0.21638458
AT3G17540.1,-0.181546462
AT3G06070.1,-0.330409318
AT2G34208.1,-0.309746554
AT1G50810.1,-0.153291741
AT5G41680.2,-0.256299891
AT3G06750.1,-0.073061805
AT3G31406.1,-0.210248169
AT4G08385.1,-0.106842331
AT5G42840.1,-0.103547212
AT3G44713.1,-0.172401689
AT4G40030.4,-0.145654845
AT2G17040.1,-0.2201201
AT4G39020.1,-0.227800793
AT1G30140.2,-0.192982753
AT2G15960.1,-0.211532718
AT1G52060.1,-0.205417272
AT2G42390.1,-0.179021262
AT3G46950.1,-0.069521747
AT3G06910.1,-0.194428386
AT5G01005.1,-0.107543972
AT2G07320.1,-0.10030448
AT5G17970.1,-0.081108334
AT4G06618.1,-0.114551369
AT2G04440.1,-0.151624293
AT1G08885.1,-0.112382897
AT3G08740.1,-0.067874922
AT2G09680.1,-0.126948069
AT4G19640.3,-0.201539762
AT1G45150.1,-0.108143799
AT3G16310.1,-0.570032092
AT5G56600.1,-0.206777251
AT2G37555.1,-0.244263462
AT3G08695.1,-0.140915978
AT2G21360.1,-0.150448095
AT4G18820.1,-0.179760262
AT3G59480.1,-0.213147002
AT2G02740.1,-0.088093619
AT5G25390.2,-0.21042703
AT4G34280.1,-0.144193856
AT2G47935.1,-0.108137056
AT4G31248.1,-0.135632703
AT4G12735.1,-0.20724874
AT5G19470.2,-0.207948623
AT5G04980.1,-0.246660113
AT4G19940.1,-0.079706355
AT2G11115.1,-0.128026005
AT2G24220.1,-0.165553504
AT2G34560.2,-0.111297759
AT1G70020.1,-0.16375446
AT1G06925.1,-0.124054767
AT3G25570.2,-0.078575143
AT3G13226.1,-0.138333622
AT4G29650.1,-0.20878499
AT3G58890.1,-0.144051193
AT5G03730.1,-0.144467936
AT2G44680.3,-0.082802935
AT2G15420.1,-0.198799345
AT5G58310.1,-0.209461319
AT4G07990.1,-0.180084138
AT1G32340.1,-0.13626382
AT3G28216.1,-0.055558703
AT2G32080.2,-0.070533496
AT3G06380.2,-0.158674014
AT4G20030.1,-0.103380897
AT5G38035.1,-0.105008525
AT1G18070.1,-0.151883776
AT3G18165.1,-0.100916433
AT1G68585.1,-0.098514448
AT2G25305.1,-0.084620559
AT5G23100.1,-0.192055072
AT4G35680.1,-0.06594082
AT2G28490.1,-0.141379355
AT3G14920.1,-0.202985093
